happiness,neutral,sadness,anger,surprise,disgust,fear,uncertain,photo_id,ethnicity,sex,age,label,url,photoId
0.0,0.25,0.038461538461538464,0.4230769230769231,0.038461538461538464,0.11538461538461539,0.038461538461538464,0.038461538461538464,Q2.1,bipoc,female,adult,anger,https://uwmadison.co1.qualtrics.com/ControlPanel/Graphic.php?IM=IM_bJXdODAZHOaG0rI,Q2.1
0.019230769230769232,0.019230769230769232,0.019230769230769232,0.6346153846153846,0.038461538461538464,0.11538461538461539,0.019230769230769232,0.038461538461538464,Q3.1,bipoc,female,child,anger,https://uwmadison.co1.qualtrics.com/ControlPanel/Graphic.php?IM=IM_37SAhyROGBWVpVs, Q3.1
0.0,0.0,0.0,0.8076923076923077,0.019230769230769232,0.057692307692307696,0.019230769230769232,0.038461538461538464,Q4.1,bipoc,male,adult,anger,https://uwmadison.co1.qualtrics.com/ControlPanel/Graphic.php?IM=IM_3QLhY3LefdXzwfI, Q4.1
0.019230769230769232,0.21153846153846154,0.34615384615384615,0.057692307692307696,0.038461538461538464,0.057692307692307696,0.1346153846153846,0.11538461538461539,Q5.1,bipoc,male,child,anger,https://uwmadison.co1.qualtrics.com/ControlPanel/Graphic.php?IM=IM_egtCOrU9KOm233M, Q5.1
0.0,0.17307692307692307,0.0,0.6346153846153846,0.057692307692307696,0.019230769230769232,0.038461538461538464,0.057692307692307696,Q6.1,white,female,adult,anger,https://uwmadison.co1.qualtrics.com/ControlPanel/Graphic.php?IM=IM_1Amo6fqrutcZYZo, Q6.1
0.0,0.038461538461538464,0.4230769230769231,0.5192307692307693,0.0,0.019230769230769232,0.0,0.0,Q7.1,white,female,child,anger,https://uwmadison.co1.qualtrics.com/ControlPanel/Graphic.php?IM=IM_1XqAx3FzoRDFZt4, Q7.1
0.019230769230769232,0.25,0.057692307692307696,0.4807692307692308,0.019230769230769232,0.038461538461538464,0.038461538461538464,0.038461538461538464,Q8.1,white,male,adult,anger,https://uwmadison.co1.qualtrics.com/ControlPanel/Graphic.php?IM=IM_7PC2cgcyr5yUiOy, Q8.1
0.17307692307692307,0.0,0.0,0.5961538461538461,0.0,0.07692307692307693,0.038461538461538464,0.038461538461538464,Q9.1,white,male,child,anger,https://uwmadison.co1.qualtrics.com/ControlPanel/Graphic.php?IM=IM_9Gfr3sYkHq3hHG6, Q9.1
0.0,0.0,0.057692307692307696,0.1346153846153846,0.038461538461538464,0.5,0.11538461538461539,0.09615384615384616,Q10.1,bipoc,female,adult,disgust,https://uwmadison.co1.qualtrics.com/ControlPanel/Graphic.php?IM=IM_cvFjQlP07m9S7VY, Q10.1
0.057692307692307696,0.019230769230769232,0.019230769230769232,0.11538461538461539,0.038461538461538464,0.5384615384615384,0.057692307692307696,0.09615384615384616,Q11.1,bipoc,female,child,disgust,https://uwmadison.co1.qualtrics.com/ControlPanel/Graphic.php?IM=IM_4Zxryb4o2ZDgHDo, Q11.1
0.0,0.019230769230769232,0.038461538461538464,0.3269230769230769,0.0,0.4807692307692308,0.09615384615384616,0.038461538461538464,Q12.1,bipoc,male,adult,disgust,https://uwmadison.co1.qualtrics.com/ControlPanel/Graphic.php?IM=IM_cIvdFisSzzSMNRI, Q12.1
0.038461538461538464,0.038461538461538464,0.0,0.1346153846153846,0.09615384615384616,0.46153846153846156,0.038461538461538464,0.057692307692307696,Q13.1,bipoc,male,child,disgust,https://uwmadison.co1.qualtrics.com/ControlPanel/Graphic.php?IM=IM_envzka9NlloQh7g, Q13.1
0.0,0.0,0.057692307692307696,0.07692307692307693,0.019230769230769232,0.7307692307692307,0.038461538461538464,0.038461538461538464,Q14.1,white,female,adult,disgust,https://uwmadison.co1.qualtrics.com/ControlPanel/Graphic.php?IM=IM_er3kGiV5nUJCkse, Q14.1
0.36538461538461536,0.057692307692307696,0.0,0.17307692307692307,0.057692307692307696,0.21153846153846154,0.019230769230769232,0.057692307692307696,Q15.1,white,female,child,disgust,https://uwmadison.co1.qualtrics.com/ControlPanel/Graphic.php?IM=IM_51ruTTJP1FaUeX4, Q15.1
0.0,0.0,0.15384615384615385,0.038461538461538464,0.0,0.5961538461538461,0.09615384615384616,0.09615384615384616,Q16.1,white,male,adult,disgust,https://uwmadison.co1.qualtrics.com/ControlPanel/Graphic.php?IM=IM_4Iuz8TahQUf5rCu, Q16.1
0.057692307692307696,0.057692307692307696,0.019230769230769232,0.15384615384615385,0.057692307692307696,0.5,0.057692307692307696,0.038461538461538464,Q17.1,white,male,child,disgust,https://uwmadison.co1.qualtrics.com/ControlPanel/Graphic.php?IM=IM_3dtGv9tzZmLa4Cy, Q17.1
0.0,0.0,0.19230769230769232,0.057692307692307696,0.019230769230769232,0.07692307692307693,0.5961538461538461,0.038461538461538464,Q18.1,bipoc,female,adult,fear,https://uwmadison.co1.qualtrics.com/ControlPanel/Graphic.php?IM=IM_6qVleJUYoACmf6C, Q18.1
0.0,0.057692307692307696,0.057692307692307696,0.07692307692307693,0.4423076923076923,0.0,0.2692307692307692,0.038461538461538464,Q19.1,bipoc,female,child,fear,https://uwmadison.co1.qualtrics.com/ControlPanel/Graphic.php?IM=IM_4HJDfrqWWlJ7wRU, Q19.1
0.0,0.038461538461538464,0.09615384615384616,0.038461538461538464,0.0,0.038461538461538464,0.7307692307692307,0.038461538461538464,Q20.1,bipoc,male,adult,fear,https://uwmadison.co1.qualtrics.com/ControlPanel/Graphic.php?IM=IM_54KW05fRgzNmLfE, Q20.1
0.057692307692307696,0.0,0.0,0.09615384615384616,0.5961538461538461,0.019230769230769232,0.1346153846153846,0.057692307692307696,Q21.1,bipoc,male,child,fear,https://uwmadison.co1.qualtrics.com/ControlPanel/Graphic.php?IM=IM_aY2MoY6bfggUc9E, Q21.1
0.09615384615384616,0.019230769230769232,0.038461538461538464,0.038461538461538464,0.4423076923076923,0.019230769230769232,0.3269230769230769,0.019230769230769232,Q22.1,white,female,adult,fear,https://uwmadison.co1.qualtrics.com/ControlPanel/Graphic.php?IM=IM_1H2GqqCbhjjnp3g, Q22.1
0.019230769230769232,0.019230769230769232,0.3076923076923077,0.057692307692307696,0.0,0.17307692307692307,0.36538461538461536,0.057692307692307696,Q23.1,white,female,child,fear,https://uwmadison.co1.qualtrics.com/ControlPanel/Graphic.php?IM=IM_cXRPI85VJ3YAOdo, Q23.1
0.019230769230769232,0.0,0.0,0.0,0.15384615384615385,0.038461538461538464,0.7115384615384616,0.057692307692307696,Q24.1,white,male,adult,fear,https://uwmadison.co1.qualtrics.com/ControlPanel/Graphic.php?IM=IM_1z4YnfSQVdhj1Rk, Q24.1
0.07692307692307693,0.0,0.019230769230769232,0.17307692307692307,0.2692307692307692,0.038461538461538464,0.23076923076923078,0.09615384615384616,Q25.1,white,male,child,fear,https://uwmadison.co1.qualtrics.com/ControlPanel/Graphic.php?IM=IM_24ukMlBx2IZMMuO, Q25.1
0.5384615384615384,0.3269230769230769,0.019230769230769232,0.0,0.019230769230769232,0.038461538461538464,0.0,0.019230769230769232,Q26.1,bipoc,female,adult,happiness,https://uwmadison.co1.qualtrics.com/ControlPanel/Graphic.php?IM=IM_5uIGlackw1zchRY, Q26.1
0.9230769230769231,0.019230769230769232,0.0,0.019230769230769232,0.019230769230769232,0.0,0.0,0.019230769230769232,Q27.1,bipoc,female,child,happiness,https://uwmadison.co1.qualtrics.com/ControlPanel/Graphic.php?IM=IM_1LJr1XMUNEEqjEq, Q27.1
0.7692307692307693,0.09615384615384616,0.0,0.0,0.019230769230769232,0.0,0.019230769230769232,0.057692307692307696,Q28.1,bipoc,male,adult,happiness,https://uwmadison.co1.qualtrics.com/ControlPanel/Graphic.php?IM=IM_aVKZzBmzWSoXCXY, Q28.1
0.9615384615384616,0.0,0.019230769230769232,0.0,0.019230769230769232,0.0,0.0,0.0,Q29.1,bipoc,male,child,happiness,https://uwmadison.co1.qualtrics.com/ControlPanel/Graphic.php?IM=IM_da53a1yGEedpOJg, Q29.1
0.8653846153846154,0.038461538461538464,0.0,0.0,0.07692307692307693,0.0,0.0,0.0,Q30.1,white,female,adult,happiness,https://uwmadison.co1.qualtrics.com/ControlPanel/Graphic.php?IM=IM_6hVt2pmEYV6YLwG, Q30.1
0.9230769230769231,0.019230769230769232,0.0,0.0,0.038461538461538464,0.0,0.019230769230769232,0.0,Q31.1,white,female,child,happiness,https://uwmadison.co1.qualtrics.com/ControlPanel/Graphic.php?IM=IM_9shhhARAg1o8QcK, Q31.1
0.9423076923076923,0.0,0.0,0.0,0.057692307692307696,0.0,0.0,0.0,Q32.1,white,male,adult,happiness,https://uwmadison.co1.qualtrics.com/ControlPanel/Graphic.php?IM=IM_3CWGONIxkNEfLbU, Q32.1
0.9615384615384616,0.0,0.0,0.019230769230769232,0.019230769230769232,0.0,0.0,0.0,Q33.1,white,male,child,happiness,https://uwmadison.co1.qualtrics.com/ControlPanel/Graphic.php?IM=IM_0lBpULniZBM24Pc, Q33.1
0.038461538461538464,0.5576923076923077,0.07692307692307693,0.057692307692307696,0.019230769230769232,0.019230769230769232,0.038461538461538464,0.1346153846153846,Q34.1,bipoc,female,adult,neutral,https://uwmadison.co1.qualtrics.com/ControlPanel/Graphic.php?IM=IM_80TvOXpOXat9RxI, Q34.1
0.5,0.40384615384615385,0.0,0.0,0.019230769230769232,0.0,0.038461538461538464,0.038461538461538464,Q35.1,bipoc,female,child,neutral,https://uwmadison.co1.qualtrics.com/ControlPanel/Graphic.php?IM=IM_9H2fzde2Rkxr2VU, Q35.1
0.0,0.7115384615384616,0.09615384615384616,0.019230769230769232,0.0,0.057692307692307696,0.038461538461538464,0.057692307692307696,Q36.1,bipoc,male,adult,neutral,https://uwmadison.co1.qualtrics.com/ControlPanel/Graphic.php?IM=IM_cMDFM510Dzc4NKu, Q36.1
0.0,0.6346153846153846,0.11538461538461539,0.019230769230769232,0.019230769230769232,0.019230769230769232,0.07692307692307693,0.07692307692307693,Q37.1,bipoc,male,child,neutral,https://uwmadison.co1.qualtrics.com/ControlPanel/Graphic.php?IM=IM_aXk5I4i1e3iZEzk, Q37.1
0.0,0.6346153846153846,0.15384615384615385,0.019230769230769232,0.057692307692307696,0.019230769230769232,0.019230769230769232,0.057692307692307696,Q38.1,white,female,adult,neutral,https://uwmadison.co1.qualtrics.com/ControlPanel/Graphic.php?IM=IM_3lu3qPA43hGxJ4y, Q38.1
0.038461538461538464,0.8269230769230769,0.019230769230769232,0.0,0.019230769230769232,0.0,0.057692307692307696,0.038461538461538464,Q39.1,white,female,child,neutral,https://uwmadison.co1.qualtrics.com/ControlPanel/Graphic.php?IM=IM_0pPXIzq4Mrfh7ka, Q39.1
0.0,0.5961538461538461,0.09615384615384616,0.09615384615384616,0.019230769230769232,0.038461538461538464,0.019230769230769232,0.09615384615384616,Q40.1,white,male,adult,neutral,https://uwmadison.co1.qualtrics.com/ControlPanel/Graphic.php?IM=IM_blolyGQSOOsUfLE, Q40.1
0.09615384615384616,0.7307692307692307,0.0,0.0,0.019230769230769232,0.0,0.038461538461538464,0.038461538461538464,Q41.1,white,male,child,neutral,https://uwmadison.co1.qualtrics.com/ControlPanel/Graphic.php?IM=IM_aVlK7szVW3JAA4K, Q41.1
0.0,0.019230769230769232,0.7692307692307693,0.019230769230769232,0.0,0.019230769230769232,0.09615384615384616,0.038461538461538464,Q42.1,bipoc,female,adult,sadness,https://uwmadison.co1.qualtrics.com/ControlPanel/Graphic.php?IM=IM_6KEpMh9qlyvMRAa, Q42.1
0.019230769230769232,0.0,0.9038461538461539,0.019230769230769232,0.0,0.0,0.057692307692307696,0.0,Q43.1,bipoc,female,child,sadness,https://uwmadison.co1.qualtrics.com/ControlPanel/Graphic.php?IM=IM_etimLaMrS2pVAAS, Q43.1
0.0,0.057692307692307696,0.6346153846153846,0.07692307692307693,0.0,0.038461538461538464,0.07692307692307693,0.057692307692307696,Q44.1,bipoc,male,adult,sadness,https://uwmadison.co1.qualtrics.com/ControlPanel/Graphic.php?IM=IM_dbf2dyj7KGtrN2e, Q44.1
0.019230769230769232,0.0,0.8653846153846154,0.057692307692307696,0.0,0.019230769230769232,0.038461538461538464,0.0,Q45.1,bipoc,male,child,sadness,https://uwmadison.co1.qualtrics.com/ControlPanel/Graphic.php?IM=IM_eVzPpFKIfopOW1w, Q45.1
0.019230769230769232,0.0,0.8269230769230769,0.038461538461538464,0.0,0.038461538461538464,0.057692307692307696,0.019230769230769232,Q46.1,white,female,adult,sadness,https://uwmadison.co1.qualtrics.com/ControlPanel/Graphic.php?IM=IM_9EKbisrli19qicS, Q46.1
0.019230769230769232,0.0,0.8653846153846154,0.019230769230769232,0.0,0.0,0.057692307692307696,0.019230769230769232,Q47.1,white,female,child,sadness,https://uwmadison.co1.qualtrics.com/ControlPanel/Graphic.php?IM=IM_55Rjm0S1oR1ox1k, Q47.1
0.0,0.19230769230769232,0.34615384615384615,0.15384615384615385,0.0,0.038461538461538464,0.09615384615384616,0.09615384615384616,Q48.1,white,male,adult,sadness,https://uwmadison.co1.qualtrics.com/ControlPanel/Graphic.php?IM=IM_8j4LSlE16vL228e, Q48.1
0.0,0.0,0.8461538461538461,0.019230769230769232,0.0,0.038461538461538464,0.07692307692307693,0.019230769230769232,Q49.1,white,male,child,sadness,https://uwmadison.co1.qualtrics.com/ControlPanel/Graphic.php?IM=IM_1BzaOxAnlvpmh8i, Q49.1
0.7307692307692307,0.057692307692307696,0.0,0.0,0.1346153846153846,0.0,0.0,0.038461538461538464,Q50.1,bipoc,female,adult,surprise,https://uwmadison.co1.qualtrics.com/ControlPanel/Graphic.php?IM=IM_8FZs4DGyzYKeKQ6, Q50.1
0.0,0.019230769230769232,0.0,0.0,0.6538461538461539,0.0,0.21153846153846154,0.09615384615384616,Q51.1,bipoc,female,child,surprise,https://uwmadison.co1.qualtrics.com/ControlPanel/Graphic.php?IM=IM_06dsRWFrfc92PVI, Q51.1
0.0,0.019230769230769232,0.0,0.07692307692307693,0.6923076923076923,0.0,0.09615384615384616,0.038461538461538464,Q52.1,bipoc,male,adult,surprise,https://uwmadison.co1.qualtrics.com/ControlPanel/Graphic.php?IM=IM_0JI5joczfCXyM4K, Q52.1
0.5384615384615384,0.038461538461538464,0.0,0.0,0.3269230769230769,0.038461538461538464,0.038461538461538464,0.019230769230769232,Q53.1,bipoc,male,child,surprise,https://uwmadison.co1.qualtrics.com/ControlPanel/Graphic.php?IM=IM_39MTmWdmGCliDga, Q53.1
0.019230769230769232,0.057692307692307696,0.019230769230769232,0.0,0.46153846153846156,0.11538461538461539,0.1346153846153846,0.07692307692307693,Q54.1,white,female,adult,surprise,https://uwmadison.co1.qualtrics.com/ControlPanel/Graphic.php?IM=IM_1X6032Sa3Q1kaKa, Q54.1
0.11538461538461539,0.019230769230769232,0.019230769230769232,0.0,0.7884615384615384,0.0,0.038461538461538464,0.019230769230769232,Q55.1,white,female,child,surprise,https://uwmadison.co1.qualtrics.com/ControlPanel/Graphic.php?IM=IM_ah0qjH5kqDuQUhE, Q55.1
0.019230769230769232,0.019230769230769232,0.019230769230769232,0.019230769230769232,0.6346153846153846,0.0,0.19230769230769232,0.057692307692307696,Q56.1,white,male,adult,surprise,https://uwmadison.co1.qualtrics.com/ControlPanel/Graphic.php?IM=IM_9yvGSAqzpAmAcT4, Q56.1
0.0,0.40384615384615385,0.0,0.0,0.5,0.0,0.019230769230769232,0.038461538461538464,Q57.1,white,male,child,surprise,https://uwmadison.co1.qualtrics.com/ControlPanel/Graphic.php?IM=IM_dmTME6d2MAg1Tb8, Q57.1
0.17307692307692307,0.038461538461538464,0.019230769230769232,0.0,0.038461538461538464,0.3076923076923077,0.019230769230769232,0.11538461538461539,Q58.1,bipoc,female,adult,uncertain,https://uwmadison.co1.qualtrics.com/ControlPanel/Graphic.php?IM=IM_6x0zlBArY56cHem, Q58.1
0.0,0.5576923076923077,0.15384615384615385,0.038461538461538464,0.0,0.019230769230769232,0.09615384615384616,0.07692307692307693,Q59.1,bipoc,female,child,uncertain,https://uwmadison.co1.qualtrics.com/ControlPanel/Graphic.php?IM=IM_9BqHT20xS13gotg, Q59.1
0.09615384615384616,0.07692307692307693,0.0,0.019230769230769232,0.0,0.057692307692307696,0.019230769230769232,0.2692307692307692,Q60.1,bipoc,male,adult,uncertain,https://uwmadison.co1.qualtrics.com/ControlPanel/Graphic.php?IM=IM_8feaAnE3DavOGFg, Q60.1
0.4423076923076923,0.15384615384615385,0.0,0.0,0.019230769230769232,0.019230769230769232,0.0,0.19230769230769232,Q61.1,bipoc,male,child,uncertain,https://uwmadison.co1.qualtrics.com/ControlPanel/Graphic.php?IM=IM_0v92GxoJl7KL9HM, Q61.1
0.0,0.11538461538461539,0.09615384615384616,0.07692307692307693,0.019230769230769232,0.40384615384615385,0.057692307692307696,0.21153846153846154,Q62.1,white,female,adult,uncertain,https://uwmadison.co1.qualtrics.com/ControlPanel/Graphic.php?IM=IM_88R1RMz4mseoRkW, Q62.1
0.057692307692307696,0.057692307692307696,0.28846153846153844,0.1346153846153846,0.038461538461538464,0.019230769230769232,0.07692307692307693,0.17307692307692307,Q63.1,white,female,child,uncertain,https://uwmadison.co1.qualtrics.com/ControlPanel/Graphic.php?IM=IM_8jkP8HhjPXmgNPE, Q63.1
0.038461538461538464,0.019230769230769232,0.038461538461538464,0.07692307692307693,0.07692307692307693,0.09615384615384616,0.038461538461538464,0.3076923076923077,Q64.1,white,male,adult,uncertain,https://uwmadison.co1.qualtrics.com/ControlPanel/Graphic.php?IM=IM_81e4y8XbeDW4Ew6, Q64.1
0.019230769230769232,0.25,0.057692307692307696,0.019230769230769232,0.15384615384615385,0.019230769230769232,0.1346153846153846,0.25,Q65.1,white,male,child,uncertain,https://uwmadison.co1.qualtrics.com/ControlPanel/Graphic.php?IM=IM_6lfDwHho7YysGIS, Q65.1
0.0,0.0,0.0,0.0,0.0,0.0,0.0,0.0,Q66.1,,,,attention,https://uwmadison.co1.qualtrics.com/ControlPanel/Graphic.php?IM=IM_bHKuEbEutfv7zuu, Q66.1
0.0,0.038461538461538464,0.1346153846153846,0.7115384615384616,0.0,0.019230769230769232,0.019230769230769232,0.038461538461538464,Q67.1,bipoc,female,adult,anger,https://uwmadison.co1.qualtrics.com/ControlPanel/Graphic.php?IM=IM_6J5KVNyTENDNC4K, Q67.1
0.0,0.46153846153846156,0.038461538461538464,0.25,0.019230769230769232,0.038461538461538464,0.09615384615384616,0.057692307692307696,Q68.1,bipoc,female,child,anger,https://uwmadison.co1.qualtrics.com/ControlPanel/Graphic.php?IM=IM_ehdQVRQn8kI6rNI, Q68.1
0.0,0.5384615384615384,0.057692307692307696,0.17307692307692307,0.038461538461538464,0.038461538461538464,0.0,0.09615384615384616,Q69.1,bipoc,male,adult,anger,https://uwmadison.co1.qualtrics.com/ControlPanel/Graphic.php?IM=IM_4OulgTPxBAgu0Qu, Q69.1
0.0,0.0,0.038461538461538464,0.75,0.0,0.11538461538461539,0.057692307692307696,0.0,Q70.1,bipoc,male,child,anger,https://uwmadison.co1.qualtrics.com/ControlPanel/Graphic.php?IM=IM_82jdttMjk3552E6, Q70.1
0.0,0.0,0.038461538461538464,0.6153846153846154,0.0,0.28846153846153844,0.019230769230769232,0.019230769230769232,Q71.1,white,female,adult,anger,https://uwmadison.co1.qualtrics.com/ControlPanel/Graphic.php?IM=IM_b1KYrTe9d0HebfU, Q71.1
0.019230769230769232,0.1346153846153846,0.07692307692307693,0.28846153846153844,0.057692307692307696,0.1346153846153846,0.038461538461538464,0.07692307692307693,Q72.1,white,female,child,anger,https://uwmadison.co1.qualtrics.com/ControlPanel/Graphic.php?IM=IM_3QtW28KFGllSVBI, Q72.1
0.0,0.0,0.019230769230769232,0.7692307692307693,0.0,0.11538461538461539,0.057692307692307696,0.019230769230769232,Q73.1,white,male,adult,anger,https://uwmadison.co1.qualtrics.com/ControlPanel/Graphic.php?IM=IM_eb7s42ZIPiC9Z66, Q73.1
0.019230769230769232,0.019230769230769232,0.019230769230769232,0.7115384615384616,0.019230769230769232,0.17307692307692307,0.038461538461538464,0.0,Q74.1,white,male,child,anger,https://uwmadison.co1.qualtrics.com/ControlPanel/Graphic.php?IM=IM_dhTzFnZMWrTfBGK, Q74.1
0.0,0.038461538461538464,0.11538461538461539,0.038461538461538464,0.0,0.4807692307692308,0.15384615384615385,0.07692307692307693,Q75.1,bipoc,female,adult,disgust,https://uwmadison.co1.qualtrics.com/ControlPanel/Graphic.php?IM=IM_0kOdQHclITzXgIC, Q75.1
0.019230769230769232,0.1346153846153846,0.15384615384615385,0.0,0.019230769230769232,0.25,0.23076923076923078,0.1346153846153846,Q76.1,bipoc,female,child,disgust,https://uwmadison.co1.qualtrics.com/ControlPanel/Graphic.php?IM=IM_e9BJyTeFPLQ7ZUq, Q76.1
0.0,0.019230769230769232,0.019230769230769232,0.28846153846153844,0.0,0.5576923076923077,0.057692307692307696,0.038461538461538464,Q77.1,bipoc,male,adult,disgust,https://uwmadison.co1.qualtrics.com/ControlPanel/Graphic.php?IM=IM_1Zx26VAbwv9uFFQ, Q77.1
0.0,0.0,0.057692307692307696,0.3076923076923077,0.0,0.5,0.057692307692307696,0.07692307692307693,Q78.1,bipoc,male,child,disgust,https://uwmadison.co1.qualtrics.com/ControlPanel/Graphic.php?IM=IM_bjzYq2UEKkXH7aC, Q78.1
0.0,0.0,0.19230769230769232,0.038461538461538464,0.019230769230769232,0.4807692307692308,0.09615384615384616,0.07692307692307693,Q79.1,white,female,adult,disgust,https://uwmadison.co1.qualtrics.com/ControlPanel/Graphic.php?IM=IM_5hkOSrFORUoHopM, Q79.1
0.15384615384615385,0.07692307692307693,0.0,0.17307692307692307,0.038461538461538464,0.38461538461538464,0.038461538461538464,0.057692307692307696,Q80.1,white,female,child,disgust,https://uwmadison.co1.qualtrics.com/ControlPanel/Graphic.php?IM=IM_244QOC2to2Jetca, Q80.1
0.019230769230769232,0.0,0.19230769230769232,0.038461538461538464,0.0,0.6538461538461539,0.057692307692307696,0.0,Q81.1,white,male,adult,disgust,https://uwmadison.co1.qualtrics.com/ControlPanel/Graphic.php?IM=IM_7aEgC4sWsfM5I5E, Q81.1
0.0,0.038461538461538464,0.0,0.3076923076923077,0.038461538461538464,0.5,0.019230769230769232,0.057692307692307696,Q82.1,white,male,child,disgust,https://uwmadison.co1.qualtrics.com/ControlPanel/Graphic.php?IM=IM_7P182C9dn0ypgtE, Q82.1
0.038461538461538464,0.0,0.38461538461538464,0.019230769230769232,0.057692307692307696,0.019230769230769232,0.40384615384615385,0.057692307692307696,Q83.1,bipoc,female,adult,fear,https://uwmadison.co1.qualtrics.com/ControlPanel/Graphic.php?IM=IM_9tzXvOnfZ589gH4, Q83.1
0.038461538461538464,0.0,0.8269230769230769,0.038461538461538464,0.0,0.0,0.09615384615384616,0.0,Q84.1,bipoc,female,child,fear,https://uwmadison.co1.qualtrics.com/ControlPanel/Graphic.php?IM=IM_0BVeUJelcjahWwC, Q84.1
0.0,0.019230769230769232,0.038461538461538464,0.019230769230769232,0.2692307692307692,0.09615384615384616,0.5,0.057692307692307696,Q85.1,bipoc,male,adult,fear,https://uwmadison.co1.qualtrics.com/ControlPanel/Graphic.php?IM=IM_e3vAzbw1fMlXZyu, Q85.1
0.0,0.23076923076923078,0.0,0.038461538461538464,0.3269230769230769,0.057692307692307696,0.19230769230769232,0.1346153846153846,Q86.1,bipoc,male,child,fear,https://uwmadison.co1.qualtrics.com/ControlPanel/Graphic.php?IM=IM_byJrSqTzp3ZhZ9Y, Q86.1
0.038461538461538464,0.038461538461538464,0.0,0.2692307692307692,0.25,0.0,0.3076923076923077,0.019230769230769232,Q87.1,white,female,adult,fear,https://uwmadison.co1.qualtrics.com/ControlPanel/Graphic.php?IM=IM_5AWayt9Py1ZQmUe, Q87.1
0.019230769230769232,0.038461538461538464,0.019230769230769232,0.019230769230769232,0.75,0.0,0.11538461538461539,0.0,Q88.1,white,female,child,fear,https://uwmadison.co1.qualtrics.com/ControlPanel/Graphic.php?IM=IM_40G6uAIeohgXMGi, Q88.1
0.0,0.1346153846153846,0.19230769230769232,0.057692307692307696,0.038461538461538464,0.057692307692307696,0.34615384615384615,0.09615384615384616,Q89.1,white,male,adult,fear,https://uwmadison.co1.qualtrics.com/ControlPanel/Graphic.php?IM=IM_9WR2cEWgwYWx7sa, Q89.1
0.0,0.038461538461538464,0.7115384615384616,0.019230769230769232,0.019230769230769232,0.038461538461538464,0.1346153846153846,0.019230769230769232,Q90.1,white,male,child,fear,https://uwmadison.co1.qualtrics.com/ControlPanel/Graphic.php?IM=IM_0AKqpsdouereE5M, Q90.1
0.9615384615384616,0.0,0.0,0.0,0.0,0.0,0.019230769230769232,0.019230769230769232,Q91.1,bipoc,female,adult,happiness,https://uwmadison.co1.qualtrics.com/ControlPanel/Graphic.php?IM=IM_0xPTvIpG1sPU3QO, Q91.1
0.8846153846153846,0.019230769230769232,0.038461538461538464,0.019230769230769232,0.0,0.0,0.019230769230769232,0.019230769230769232,Q92.1,bipoc,female,child,happiness,https://uwmadison.co1.qualtrics.com/ControlPanel/Graphic.php?IM=IM_cGTIBhdTVZFLwdE, Q92.1
0.9423076923076923,0.019230769230769232,0.0,0.0,0.0,0.0,0.0,0.0,Q93.1,bipoc,male,adult,happiness,https://uwmadison.co1.qualtrics.com/ControlPanel/Graphic.php?IM=IM_bEDlxRqiOdpCl1Q, Q93.1
0.9038461538461539,0.019230769230769232,0.0,0.0,0.038461538461538464,0.0,0.019230769230769232,0.019230769230769232,Q94.1,bipoc,male,child,happiness,https://uwmadison.co1.qualtrics.com/ControlPanel/Graphic.php?IM=IM_0UkPGjTodmzqM9U, Q94.1
0.8269230769230769,0.09615384615384616,0.0,0.0,0.057692307692307696,0.0,0.0,0.019230769230769232,Q95.1,white,female,adult,happiness,https://uwmadison.co1.qualtrics.com/ControlPanel/Graphic.php?IM=IM_3sodPsRm6g6as06, Q95.1
0.9038461538461539,0.019230769230769232,0.019230769230769232,0.0,0.019230769230769232,0.019230769230769232,0.0,0.0,Q96.1,white,female,child,happiness,https://uwmadison.co1.qualtrics.com/ControlPanel/Graphic.php?IM=IM_aWrmbq9vyHFZmTk, Q96.1
0.9423076923076923,0.0,0.019230769230769232,0.0,0.0,0.019230769230769232,0.0,0.019230769230769232,Q97.1,white,male,adult,happiness,https://uwmadison.co1.qualtrics.com/ControlPanel/Graphic.php?IM=IM_ewCuSR8n6UYi2MK, Q97.1
0.9423076923076923,0.0,0.0,0.0,0.019230769230769232,0.019230769230769232,0.019230769230769232,0.0,Q98.1,white,male,child,happiness,https://uwmadison.co1.qualtrics.com/ControlPanel/Graphic.php?IM=IM_2hrynYgwGLMuDUG, Q98.1
0.0,0.6730769230769231,0.1346153846153846,0.09615384615384616,0.0,0.019230769230769232,0.019230769230769232,0.038461538461538464,Q99.1,bipoc,female,adult,neutral,https://uwmadison.co1.qualtrics.com/ControlPanel/Graphic.php?IM=IM_39Riowawi2KEmV0, Q99.1
0.0,0.6538461538461539,0.1346153846153846,0.0,0.019230769230769232,0.019230769230769232,0.038461538461538464,0.09615384615384616,Q100.1,bipoc,female,child,neutral,https://uwmadison.co1.qualtrics.com/ControlPanel/Graphic.php?IM=IM_5bFJqMaV53Zsy0K, Q100.1
0.0,0.7115384615384616,0.09615384615384616,0.057692307692307696,0.019230769230769232,0.019230769230769232,0.019230769230769232,0.038461538461538464,Q101.1,bipoc,male,adult,neutral,https://uwmadison.co1.qualtrics.com/ControlPanel/Graphic.php?IM=IM_3gSfRO9Zt2G8NP8, Q101.1
0.0,0.6346153846153846,0.09615384615384616,0.057692307692307696,0.07692307692307693,0.0,0.057692307692307696,0.038461538461538464,Q102.1,bipoc,male,child,neutral,https://uwmadison.co1.qualtrics.com/ControlPanel/Graphic.php?IM=IM_bw2zfW24xOcYU9o, Q102.1
0.057692307692307696,0.7307692307692307,0.09615384615384616,0.038461538461538464,0.0,0.0,0.019230769230769232,0.019230769230769232,Q103.1,white,female,adult,neutral,https://uwmadison.co1.qualtrics.com/ControlPanel/Graphic.php?IM=IM_bqKH78xvssoHVoG, Q103.1
0.0,0.6730769230769231,0.11538461538461539,0.0,0.057692307692307696,0.0,0.038461538461538464,0.019230769230769232,Q104.1,white,female,child,neutral,https://uwmadison.co1.qualtrics.com/ControlPanel/Graphic.php?IM=IM_7WGuIqyEG3TilMi, Q104.1
0.09615384615384616,0.5961538461538461,0.0,0.057692307692307696,0.038461538461538464,0.038461538461538464,0.038461538461538464,0.07692307692307693,Q105.1,white,male,adult,neutral,https://uwmadison.co1.qualtrics.com/ControlPanel/Graphic.php?IM=IM_9zQEAVQQyKfTlUG, Q105.1
0.0,0.5769230769230769,0.17307692307692307,0.07692307692307693,0.0,0.038461538461538464,0.07692307692307693,0.038461538461538464,Q106.1,white,male,child,neutral,https://uwmadison.co1.qualtrics.com/ControlPanel/Graphic.php?IM=IM_7PAyQLJg8l8nBSS, Q106.1
0.0,0.1346153846153846,0.75,0.0,0.0,0.019230769230769232,0.019230769230769232,0.057692307692307696,Q107.1,bipoc,female,adult,sadness,https://uwmadison.co1.qualtrics.com/ControlPanel/Graphic.php?IM=IM_83amQw1mO0Wac06, Q107.1
0.019230769230769232,0.0,0.75,0.11538461538461539,0.0,0.0,0.11538461538461539,0.0,Q108.1,bipoc,female,child,sadness,https://uwmadison.co1.qualtrics.com/ControlPanel/Graphic.php?IM=IM_73Yp8FVd9OfjPP8, Q108.1
0.0,0.019230769230769232,0.9038461538461539,0.019230769230769232,0.0,0.0,0.019230769230769232,0.0,Q109.1,bipoc,male,adult,sadness,https://uwmadison.co1.qualtrics.com/ControlPanel/Graphic.php?IM=IM_dahScWh9wdBUhlY, Q109.1
0.019230769230769232,0.0,0.75,0.11538461538461539,0.0,0.0,0.07692307692307693,0.038461538461538464,Q110.1,bipoc,male,child,sadness,https://uwmadison.co1.qualtrics.com/ControlPanel/Graphic.php?IM=IM_77jUBNTFvgA7yxU, Q110.1
0.019230769230769232,0.23076923076923078,0.46153846153846156,0.15384615384615385,0.0,0.0,0.038461538461538464,0.057692307692307696,Q111.1,white,female,adult,sadness,https://uwmadison.co1.qualtrics.com/ControlPanel/Graphic.php?IM=IM_7NHotnPd2lT9Foa, Q111.1
0.0,0.0,0.8653846153846154,0.038461538461538464,0.0,0.019230769230769232,0.038461538461538464,0.019230769230769232,Q112.1,white,female,child,sadness,https://uwmadison.co1.qualtrics.com/ControlPanel/Graphic.php?IM=IM_0pqIA60jUTgdaQe, Q112.1
0.0,0.4230769230769231,0.3269230769230769,0.0,0.019230769230769232,0.07692307692307693,0.057692307692307696,0.07692307692307693,Q113.1,white,male,adult,sadness,https://uwmadison.co1.qualtrics.com/ControlPanel/Graphic.php?IM=IM_bNT78GDXgMqiTLU, Q113.1
0.0,0.0,0.9038461538461539,0.019230769230769232,0.038461538461538464,0.019230769230769232,0.019230769230769232,0.0,Q114.1,white,male,child,sadness,https://uwmadison.co1.qualtrics.com/ControlPanel/Graphic.php?IM=IM_5au9MLWYoSZyrj0, Q114.1
0.19230769230769232,0.038461538461538464,0.019230769230769232,0.0,0.6346153846153846,0.0,0.038461538461538464,0.038461538461538464,Q115.1,bipoc,female,adult,surprise,https://uwmadison.co1.qualtrics.com/ControlPanel/Graphic.php?IM=IM_bjThcsBImEknzmu, Q115.1
0.019230769230769232,0.5576923076923077,0.1346153846153846,0.019230769230769232,0.09615384615384616,0.019230769230769232,0.07692307692307693,0.019230769230769232,Q116.1,bipoc,female,child,surprise,https://uwmadison.co1.qualtrics.com/ControlPanel/Graphic.php?IM=IM_71mMacKzqNZRVpc, Q116.1
0.019230769230769232,0.25,0.07692307692307693,0.038461538461538464,0.25,0.0,0.25,0.09615384615384616,Q117.1,bipoc,male,adult,surprise,https://uwmadison.co1.qualtrics.com/ControlPanel/Graphic.php?IM=IM_aaEwobdBBZ4nn02, Q117.1
0.057692307692307696,0.038461538461538464,0.0,0.17307692307692307,0.36538461538461536,0.019230769230769232,0.25,0.019230769230769232,Q118.1,bipoc,male,child,surprise,https://uwmadison.co1.qualtrics.com/ControlPanel/Graphic.php?IM=IM_cwfzFfgNMrzdDeu, Q118.1
0.0,0.019230769230769232,0.019230769230769232,0.038461538461538464,0.8269230769230769,0.019230769230769232,0.038461538461538464,0.019230769230769232,Q119.1,white,female,adult,surprise,https://uwmadison.co1.qualtrics.com/ControlPanel/Graphic.php?IM=IM_2s03op8efMn39Eq, Q119.1
0.038461538461538464,0.46153846153846156,0.11538461538461539,0.0,0.21153846153846154,0.0,0.038461538461538464,0.07692307692307693,Q120.1,white,female,child,surprise,https://uwmadison.co1.qualtrics.com/ControlPanel/Graphic.php?IM=IM_3VrkAIN5BOdlfWm, Q120.1
0.0,0.038461538461538464,0.019230769230769232,0.07692307692307693,0.4807692307692308,0.0,0.3076923076923077,0.019230769230769232,Q121.1,white,male,adult,surprise,https://uwmadison.co1.qualtrics.com/ControlPanel/Graphic.php?IM=IM_2004WZkMOAt3rVk, Q121.1
0.1346153846153846,0.038461538461538464,0.0,0.19230769230769232,0.3269230769230769,0.019230769230769232,0.17307692307692307,0.038461538461538464,Q122.1,white,male,child,surprise,https://uwmadison.co1.qualtrics.com/ControlPanel/Graphic.php?IM=IM_0Tk0DUpmSjqZP9Q, Q122.1
0.0,0.1346153846153846,0.038461538461538464,0.07692307692307693,0.057692307692307696,0.21153846153846154,0.057692307692307696,0.25,Q123.1,bipoc,female,adult,uncertain,https://uwmadison.co1.qualtrics.com/ControlPanel/Graphic.php?IM=IM_74kgKNSWDU7crjM, Q123.1
0.0,0.11538461538461539,0.07692307692307693,0.057692307692307696,0.019230769230769232,0.07692307692307693,0.11538461538461539,0.28846153846153844,Q124.1,bipoc,female,child,uncertain,https://uwmadison.co1.qualtrics.com/ControlPanel/Graphic.php?IM=IM_cJi6x6m1lHypqN8, Q124.1
0.5961538461538461,0.038461538461538464,0.0,0.07692307692307693,0.019230769230769232,0.0,0.019230769230769232,0.11538461538461539,Q125.1,bipoc,male,adult,uncertain,https://uwmadison.co1.qualtrics.com/ControlPanel/Graphic.php?IM=IM_afrF8KFiXbEcR2S, Q125.1
0.0,0.5961538461538461,0.1346153846153846,0.019230769230769232,0.019230769230769232,0.038461538461538464,0.038461538461538464,0.07692307692307693,Q126.1,bipoc,male,child,uncertain,https://uwmadison.co1.qualtrics.com/ControlPanel/Graphic.php?IM=IM_eaf2nwmlYn6uJKu, Q126.1
0.0,0.019230769230769232,0.019230769230769232,0.07692307692307693,0.5769230769230769,0.057692307692307696,0.057692307692307696,0.11538461538461539,Q127.1,white,female,adult,uncertain,https://uwmadison.co1.qualtrics.com/ControlPanel/Graphic.php?IM=IM_4Z2olPR08fo1FQO, Q127.1
0.15384615384615385,0.38461538461538464,0.019230769230769232,0.0,0.11538461538461539,0.057692307692307696,0.038461538461538464,0.07692307692307693,Q128.1,white,female,child,uncertain,https://uwmadison.co1.qualtrics.com/ControlPanel/Graphic.php?IM=IM_8bHO7XfbqxRugTQ, Q128.1
0.0,0.34615384615384615,0.09615384615384616,0.019230769230769232,0.07692307692307693,0.057692307692307696,0.07692307692307693,0.09615384615384616,Q129.1,white,male,adult,uncertain,https://uwmadison.co1.qualtrics.com/ControlPanel/Graphic.php?IM=IM_3wreUCj6TLHFC4K, Q129.1
0.40384615384615385,0.07692307692307693,0.019230769230769232,0.019230769230769232,0.15384615384615385,0.07692307692307693,0.07692307692307693,0.07692307692307693,Q130.1,white,male,child,uncertain,https://uwmadison.co1.qualtrics.com/ControlPanel/Graphic.php?IM=IM_eMb3pnSJgKC0VFk, Q130.1
0.0,0.0,0.0,0.0,0.0,0.0,0.0,0.0,Q131.1,,,,attention,https://uwmadison.co1.qualtrics.com/ControlPanel/Graphic.php?IM=IM_e2rLzge28QpFG6y, Q131.1
0.0,0.057692307692307696,0.038461538461538464,0.6153846153846154,0.038461538461538464,0.057692307692307696,0.057692307692307696,0.09615384615384616,Q132.1,bipoc,female,adult,anger,https://uwmadison.co1.qualtrics.com/ControlPanel/Graphic.php?IM=IM_9WTZdrQmZK2OL54, Q132.1
0.019230769230769232,0.019230769230769232,0.0,0.6346153846153846,0.0,0.21153846153846154,0.07692307692307693,0.0,Q133.1,bipoc,female,child,anger,https://uwmadison.co1.qualtrics.com/ControlPanel/Graphic.php?IM=IM_824LzNsLYNku2OO, Q133.1
0.038461538461538464,0.057692307692307696,0.0,0.7115384615384616,0.038461538461538464,0.019230769230769232,0.0,0.057692307692307696,Q134.1,bipoc,male,adult,anger,https://uwmadison.co1.qualtrics.com/ControlPanel/Graphic.php?IM=IM_bkMyZNBgUg8ZlNY, Q134.1
0.019230769230769232,0.09615384615384616,0.25,0.40384615384615385,0.038461538461538464,0.0,0.038461538461538464,0.11538461538461539,Q135.1,bipoc,male,child,anger,https://uwmadison.co1.qualtrics.com/ControlPanel/Graphic.php?IM=IM_3rsoVFgV6TcS9fg, Q135.1
0.019230769230769232,0.0,0.019230769230769232,0.6730769230769231,0.057692307692307696,0.11538461538461539,0.038461538461538464,0.07692307692307693,Q136.1,white,female,adult,anger,https://uwmadison.co1.qualtrics.com/ControlPanel/Graphic.php?IM=IM_cPfESJKHoFDaWUe, Q136.1
0.0,0.0,0.038461538461538464,0.7692307692307693,0.038461538461538464,0.057692307692307696,0.057692307692307696,0.0,Q137.1,white,female,child,anger,https://uwmadison.co1.qualtrics.com/ControlPanel/Graphic.php?IM=IM_bHfE8z5stIRm0zI, Q137.1
0.019230769230769232,0.23076923076923078,0.0,0.38461538461538464,0.019230769230769232,0.1346153846153846,0.0,0.07692307692307693,Q138.1,white,male,adult,anger,https://uwmadison.co1.qualtrics.com/ControlPanel/Graphic.php?IM=IM_cCHIBQubXKS0CiO, Q138.1
0.038461538461538464,0.057692307692307696,0.09615384615384616,0.4807692307692308,0.019230769230769232,0.1346153846153846,0.057692307692307696,0.07692307692307693,Q139.1,white,male,child,anger,https://uwmadison.co1.qualtrics.com/ControlPanel/Graphic.php?IM=IM_5AcJkrT27k6XRmm, Q139.1
0.019230769230769232,0.0,0.038461538461538464,0.4230769230769231,0.038461538461538464,0.40384615384615385,0.038461538461538464,0.0,Q140.1,bipoc,female,adult,disgust,https://uwmadison.co1.qualtrics.com/ControlPanel/Graphic.php?IM=IM_bsHb1M3p1kgjsF0, Q140.1
0.15384615384615385,0.09615384615384616,0.019230769230769232,0.2692307692307692,0.057692307692307696,0.17307692307692307,0.019230769230769232,0.09615384615384616,Q141.1,bipoc,female,child,disgust,https://uwmadison.co1.qualtrics.com/ControlPanel/Graphic.php?IM=IM_0SwhYgwrLxTB3LM, Q141.1
0.0,0.019230769230769232,0.019230769230769232,0.19230769230769232,0.038461538461538464,0.5192307692307693,0.09615384615384616,0.038461538461538464,Q142.1,bipoc,male,adult,disgust,https://uwmadison.co1.qualtrics.com/ControlPanel/Graphic.php?IM=IM_bemvKCbRtShtR0a, Q142.1
0.038461538461538464,0.11538461538461539,0.038461538461538464,0.057692307692307696,0.038461538461538464,0.4807692307692308,0.09615384615384616,0.038461538461538464,Q143.1,bipoc,male,child,disgust,https://uwmadison.co1.qualtrics.com/ControlPanel/Graphic.php?IM=IM_7WCRz9fBbsgi9Qq, Q143.1
0.0,0.019230769230769232,0.019230769230769232,0.019230769230769232,0.038461538461538464,0.6923076923076923,0.057692307692307696,0.057692307692307696,Q144.1,white,female,adult,disgust,https://uwmadison.co1.qualtrics.com/ControlPanel/Graphic.php?IM=IM_eKdiMX7YPesWOlU, Q144.1
0.09615384615384616,0.038461538461538464,0.07692307692307693,0.038461538461538464,0.019230769230769232,0.5384615384615384,0.057692307692307696,0.07692307692307693,Q145.1,white,female,child,disgust,https://uwmadison.co1.qualtrics.com/ControlPanel/Graphic.php?IM=IM_0JVrdbvlyGSXcLI, Q145.1
0.0,0.0,0.038461538461538464,0.019230769230769232,0.07692307692307693,0.23076923076923078,0.5961538461538461,0.019230769230769232,Q146.1,white,male,adult,disgust,https://uwmadison.co1.qualtrics.com/ControlPanel/Graphic.php?IM=IM_1zU5YqWz2acbM8K, Q146.1
0.0,0.019230769230769232,0.11538461538461539,0.057692307692307696,0.019230769230769232,0.6153846153846154,0.07692307692307693,0.07692307692307693,Q147.1,white,male,child,disgust,https://uwmadison.co1.qualtrics.com/ControlPanel/Graphic.php?IM=IM_74HB0t6zgma9YNw, Q147.1
0.019230769230769232,0.019230769230769232,0.019230769230769232,0.25,0.0,0.4230769230769231,0.21153846153846154,0.038461538461538464,Q148.1,bipoc,female,adult,fear,https://uwmadison.co1.qualtrics.com/ControlPanel/Graphic.php?IM=IM_0MwMgspcIIF1ew6, Q148.1
0.038461538461538464,0.19230769230769232,0.038461538461538464,0.019230769230769232,0.28846153846153844,0.019230769230769232,0.25,0.09615384615384616,Q149.1,bipoc,female,child,fear,https://uwmadison.co1.qualtrics.com/ControlPanel/Graphic.php?IM=IM_bHrOB3j3PtW4R0i, Q149.1
0.019230769230769232,0.1346153846153846,0.5,0.057692307692307696,0.0,0.11538461538461539,0.057692307692307696,0.038461538461538464,Q150.1,bipoc,male,adult,fear,https://uwmadison.co1.qualtrics.com/ControlPanel/Graphic.php?IM=IM_8B72pKihkAZkIFU, Q150.1
0.019230769230769232,0.0,0.6923076923076923,0.07692307692307693,0.019230769230769232,0.019230769230769232,0.09615384615384616,0.019230769230769232,Q151.1,bipoc,male,child,fear,https://uwmadison.co1.qualtrics.com/ControlPanel/Graphic.php?IM=IM_9mlWGWUpvpQZa5M, Q151.1
0.0,0.019230769230769232,0.038461538461538464,0.07692307692307693,0.09615384615384616,0.11538461538461539,0.6153846153846154,0.019230769230769232,Q152.1,white,female,adult,fear,https://uwmadison.co1.qualtrics.com/ControlPanel/Graphic.php?IM=IM_e38mxw6nO1WY6Cq, Q152.1
0.0,0.15384615384615385,0.057692307692307696,0.019230769230769232,0.5,0.057692307692307696,0.07692307692307693,0.019230769230769232,Q153.1,white,female,child,fear,https://uwmadison.co1.qualtrics.com/ControlPanel/Graphic.php?IM=IM_cBJFYlMueaaR03k, Q153.1
0.0,0.0,0.038461538461538464,0.057692307692307696,0.34615384615384615,0.11538461538461539,0.34615384615384615,0.038461538461538464,Q154.1,white,male,adult,fear,https://uwmadison.co1.qualtrics.com/ControlPanel/Graphic.php?IM=IM_4Z1hhf1G3PvXBci, Q154.1
0.019230769230769232,0.0,0.0,0.038461538461538464,0.38461538461538464,0.038461538461538464,0.46153846153846156,0.0,Q155.1,white,male,child,fear,https://uwmadison.co1.qualtrics.com/ControlPanel/Graphic.php?IM=IM_9mNPsRAgBbHenPM, Q155.1
0.8846153846153846,0.0,0.0,0.038461538461538464,0.0,0.019230769230769232,0.019230769230769232,0.019230769230769232,Q156.1,bipoc,female,adult,happiness,https://uwmadison.co1.qualtrics.com/ControlPanel/Graphic.php?IM=IM_0GtSGAki0COJYO2, Q156.1
0.75,0.15384615384615385,0.019230769230769232,0.0,0.019230769230769232,0.0,0.019230769230769232,0.019230769230769232,Q157.1,bipoc,female,child,happiness,https://uwmadison.co1.qualtrics.com/ControlPanel/Graphic.php?IM=IM_e2tmtlm0JLZje0S, Q157.1
0.7884615384615384,0.019230769230769232,0.019230769230769232,0.0,0.038461538461538464,0.038461538461538464,0.0,0.057692307692307696,Q158.1,bipoc,male,adult,happiness,https://uwmadison.co1.qualtrics.com/ControlPanel/Graphic.php?IM=IM_agxa9UIrTk07jxQ, Q158.1
0.9038461538461539,0.019230769230769232,0.0,0.019230769230769232,0.038461538461538464,0.0,0.0,0.019230769230769232,Q159.1,bipoc,male,child,happiness,https://uwmadison.co1.qualtrics.com/ControlPanel/Graphic.php?IM=IM_d060VdjZY82W38W, Q159.1
0.9038461538461539,0.0,0.019230769230769232,0.019230769230769232,0.0,0.019230769230769232,0.0,0.0,Q160.1,white,female,adult,happiness,https://uwmadison.co1.qualtrics.com/ControlPanel/Graphic.php?IM=IM_57Gr1XAHK9uhWES, Q160.1
0.8846153846153846,0.038461538461538464,0.019230769230769232,0.0,0.038461538461538464,0.0,0.0,0.019230769230769232,Q161.1,white,female,child,happiness,https://uwmadison.co1.qualtrics.com/ControlPanel/Graphic.php?IM=IM_d5NMiWqa2jpUDLo, Q161.1
0.8846153846153846,0.038461538461538464,0.0,0.019230769230769232,0.0,0.0,0.0,0.019230769230769232,Q162.1,white,male,adult,happiness,https://uwmadison.co1.qualtrics.com/ControlPanel/Graphic.php?IM=IM_3NR7AkPxBUkdOQe, Q162.1
0.8653846153846154,0.0,0.019230769230769232,0.0,0.038461538461538464,0.038461538461538464,0.0,0.0,Q163.1,white,male,child,happiness,https://uwmadison.co1.qualtrics.com/ControlPanel/Graphic.php?IM=IM_eWnGys8SLE5J3Cu, Q163.1
0.07692307692307693,0.7115384615384616,0.07692307692307693,0.038461538461538464,0.019230769230769232,0.038461538461538464,0.0,0.019230769230769232,Q164.1,bipoc,female,adult,neutral,https://uwmadison.co1.qualtrics.com/ControlPanel/Graphic.php?IM=IM_8Bsr2LNg85rxVgW, Q164.1
0.5769230769230769,0.25,0.019230769230769232,0.0,0.038461538461538464,0.038461538461538464,0.019230769230769232,0.019230769230769232,Q165.1,bipoc,female,child,neutral,https://uwmadison.co1.qualtrics.com/ControlPanel/Graphic.php?IM=IM_dmqopZwVD7uBVVY, Q165.1
0.0,0.5961538461538461,0.11538461538461539,0.11538461538461539,0.019230769230769232,0.0,0.038461538461538464,0.07692307692307693,Q166.1,bipoc,male,adult,neutral,https://uwmadison.co1.qualtrics.com/ControlPanel/Graphic.php?IM=IM_2ubTkbpnURV3shw, Q166.1
0.019230769230769232,0.7115384615384616,0.09615384615384616,0.038461538461538464,0.0,0.019230769230769232,0.019230769230769232,0.038461538461538464,Q167.1,bipoc,male,child,neutral,https://uwmadison.co1.qualtrics.com/ControlPanel/Graphic.php?IM=IM_bJGSnsoGjBoS3VY, Q167.1
0.19230769230769232,0.4807692307692308,0.057692307692307696,0.07692307692307693,0.07692307692307693,0.019230769230769232,0.0,0.057692307692307696,Q168.1,white,female,adult,neutral,https://uwmadison.co1.qualtrics.com/ControlPanel/Graphic.php?IM=IM_87jMTnzp24Gs0US, Q168.1
0.09615384615384616,0.75,0.019230769230769232,0.0,0.0,0.019230769230769232,0.019230769230769232,0.038461538461538464,Q169.1,white,female,child,neutral,https://uwmadison.co1.qualtrics.com/ControlPanel/Graphic.php?IM=IM_ePc7Ntc4cXqTP70, Q169.1
0.019230769230769232,0.7307692307692307,0.07692307692307693,0.019230769230769232,0.038461538461538464,0.019230769230769232,0.019230769230769232,0.07692307692307693,Q170.1,white,male,adult,neutral,https://uwmadison.co1.qualtrics.com/ControlPanel/Graphic.php?IM=IM_1X1sCzklzGvx2tg, Q170.1
0.038461538461538464,0.6346153846153846,0.057692307692307696,0.057692307692307696,0.019230769230769232,0.019230769230769232,0.09615384615384616,0.038461538461538464,Q171.1,white,male,child,neutral,https://uwmadison.co1.qualtrics.com/ControlPanel/Graphic.php?IM=IM_6EA9nLCkNjdA69M, Q171.1
0.019230769230769232,0.15384615384615385,0.40384615384615385,0.019230769230769232,0.019230769230769232,0.25,0.019230769230769232,0.09615384615384616,Q172.1,bipoc,female,adult,sadness,https://uwmadison.co1.qualtrics.com/ControlPanel/Graphic.php?IM=IM_6A6ANrMmpt0lXFQ, Q172.1
0.0,0.25,0.36538461538461536,0.038461538461538464,0.038461538461538464,0.019230769230769232,0.1346153846153846,0.11538461538461539,Q173.1,bipoc,female,child,sadness,https://uwmadison.co1.qualtrics.com/ControlPanel/Graphic.php?IM=IM_6AkMWXDnyOPXs6a, Q173.1
0.0,0.019230769230769232,0.8653846153846154,0.019230769230769232,0.0,0.057692307692307696,0.019230769230769232,0.0,Q174.1,bipoc,male,adult,sadness,https://uwmadison.co1.qualtrics.com/ControlPanel/Graphic.php?IM=IM_0pvcXJMnnou5XxA, Q174.1
0.019230769230769232,0.21153846153846154,0.5961538461538461,0.019230769230769232,0.019230769230769232,0.0,0.038461538461538464,0.038461538461538464,Q175.1,bipoc,male,child,sadness,https://uwmadison.co1.qualtrics.com/ControlPanel/Graphic.php?IM=IM_7365JYEsalfFK3c, Q175.1
0.0,0.15384615384615385,0.7115384615384616,0.0,0.019230769230769232,0.057692307692307696,0.057692307692307696,0.0,Q176.1,white,female,adult,sadness,https://uwmadison.co1.qualtrics.com/ControlPanel/Graphic.php?IM=IM_4ObHALgYpr6zhn8, Q176.1
0.038461538461538464,0.38461538461538464,0.28846153846153844,0.057692307692307696,0.019230769230769232,0.038461538461538464,0.0,0.09615384615384616,Q177.1,white,female,child,sadness,https://uwmadison.co1.qualtrics.com/ControlPanel/Graphic.php?IM=IM_4ZMiIx0eAUH9slo, Q177.1
0.0,0.38461538461538464,0.17307692307692307,0.0,0.019230769230769232,0.07692307692307693,0.038461538461538464,0.15384615384615385,Q178.1,white,male,adult,sadness,https://uwmadison.co1.qualtrics.com/ControlPanel/Graphic.php?IM=IM_8AHT36OY3USaPe6, Q178.1
0.0,0.0,0.7307692307692307,0.11538461538461539,0.019230769230769232,0.0,0.07692307692307693,0.038461538461538464,Q179.1,white,male,child,sadness,https://uwmadison.co1.qualtrics.com/ControlPanel/Graphic.php?IM=IM_cSZwt3HTocE50jk, Q179.1
0.057692307692307696,0.057692307692307696,0.0,0.019230769230769232,0.7692307692307693,0.0,0.019230769230769232,0.057692307692307696,Q180.1,bipoc,female,adult,surprise,https://uwmadison.co1.qualtrics.com/ControlPanel/Graphic.php?IM=IM_aXfd0rmn8jfxoQ6, Q180.1
0.5961538461538461,0.019230769230769232,0.019230769230769232,0.019230769230769232,0.2692307692307692,0.0,0.038461538461538464,0.038461538461538464,Q181.1,bipoc,female,child,surprise,https://uwmadison.co1.qualtrics.com/ControlPanel/Graphic.php?IM=IM_9Gq0h87bY58MZSu, Q181.1
0.038461538461538464,0.09615384615384616,0.019230769230769232,0.0,0.25,0.09615384615384616,0.4230769230769231,0.038461538461538464,Q182.1,bipoc,male,adult,surprise,https://uwmadison.co1.qualtrics.com/ControlPanel/Graphic.php?IM=IM_268vZXyUpVDK6MK, Q182.1
0.057692307692307696,0.07692307692307693,0.038461538461538464,0.019230769230769232,0.6346153846153846,0.019230769230769232,0.09615384615384616,0.038461538461538464,Q183.1,bipoc,male,child,surprise,https://uwmadison.co1.qualtrics.com/ControlPanel/Graphic.php?IM=IM_0V7AZ7Xi8jOjmXY, Q183.1
0.0,0.019230769230769232,0.057692307692307696,0.07692307692307693,0.46153846153846156,0.057692307692307696,0.17307692307692307,0.057692307692307696,Q184.1,white,female,adult,surprise,https://uwmadison.co1.qualtrics.com/ControlPanel/Graphic.php?IM=IM_eeAoCMWS4pQvliK, Q184.1
0.1346153846153846,0.057692307692307696,0.019230769230769232,0.09615384615384616,0.40384615384615385,0.038461538461538464,0.17307692307692307,0.038461538461538464,Q185.1,white,female,child,surprise,https://uwmadison.co1.qualtrics.com/ControlPanel/Graphic.php?IM=IM_eG4lj9qMfU2nUFg, Q185.1
0.038461538461538464,0.0,0.038461538461538464,0.019230769230769232,0.6730769230769231,0.057692307692307696,0.09615384615384616,0.038461538461538464,Q186.1,white,male,adult,surprise,https://uwmadison.co1.qualtrics.com/ControlPanel/Graphic.php?IM=IM_eIZrStbqVC3oHTo, Q186.1
0.038461538461538464,0.19230769230769232,0.11538461538461539,0.0,0.23076923076923078,0.038461538461538464,0.23076923076923078,0.07692307692307693,Q187.1,white,male,child,surprise,https://uwmadison.co1.qualtrics.com/ControlPanel/Graphic.php?IM=IM_87ffNHa08KiAYbI, Q187.1
0.6153846153846154,0.09615384615384616,0.0,0.0,0.09615384615384616,0.0,0.019230769230769232,0.038461538461538464,Q188.1,bipoc,female,adult,uncertain,https://uwmadison.co1.qualtrics.com/ControlPanel/Graphic.php?IM=IM_bHLXUfPyLDklutg, Q188.1
0.7115384615384616,0.038461538461538464,0.0,0.038461538461538464,0.019230769230769232,0.057692307692307696,0.038461538461538464,0.038461538461538464,Q189.1,bipoc,female,child,uncertain,https://uwmadison.co1.qualtrics.com/ControlPanel/Graphic.php?IM=IM_0MzywJJUHEiadCe, Q189.1
0.0,0.07692307692307693,0.09615384615384616,0.15384615384615385,0.038461538461538464,0.11538461538461539,0.09615384615384616,0.1346153846153846,Q190.1,bipoc,male,adult,uncertain,https://uwmadison.co1.qualtrics.com/ControlPanel/Graphic.php?IM=IM_bw6Y8TC4DgP7vAq, Q190.1
0.019230769230769232,0.28846153846153844,0.038461538461538464,0.15384615384615385,0.019230769230769232,0.057692307692307696,0.038461538461538464,0.19230769230769232,Q191.1,bipoc,male,child,uncertain,https://uwmadison.co1.qualtrics.com/ControlPanel/Graphic.php?IM=IM_5yvfzLfqBDAE8XY, Q191.1
0.09615384615384616,0.057692307692307696,0.038461538461538464,0.1346153846153846,0.2692307692307692,0.17307692307692307,0.019230769230769232,0.1346153846153846,Q192.1,white,female,adult,uncertain,https://uwmadison.co1.qualtrics.com/ControlPanel/Graphic.php?IM=IM_a64Cxa5gtL3OHKS, Q192.1
0.07692307692307693,0.057692307692307696,0.0,0.34615384615384615,0.09615384615384616,0.038461538461538464,0.019230769230769232,0.19230769230769232,Q193.1,white,female,child,uncertain,https://uwmadison.co1.qualtrics.com/ControlPanel/Graphic.php?IM=IM_beic5cGPkQFDmhU, Q193.1
0.0,0.057692307692307696,0.038461538461538464,0.038461538461538464,0.057692307692307696,0.21153846153846154,0.0,0.21153846153846154,Q194.1,white,male,adult,uncertain,https://uwmadison.co1.qualtrics.com/ControlPanel/Graphic.php?IM=IM_8oGUDKsFJy6Upeu, Q194.1
0.11538461538461539,0.3269230769230769,0.038461538461538464,0.057692307692307696,0.038461538461538464,0.038461538461538464,0.057692307692307696,0.15384615384615385,Q195.1,white,male,child,uncertain,https://uwmadison.co1.qualtrics.com/ControlPanel/Graphic.php?IM=IM_9tcpk2rnvGGXq7A, Q195.1
