happiness,neutral,surprise,sadness,disgust,anger,fear,uncertain,photo_id,ethnicity,sex,age,label,url,photoId
0.0196078431372549,0.37254901960784315,0.0196078431372549,0.0,0.09803921568627451,0.27450980392156865,0.0,0.13725490196078433,Q2.1,bipoc,female,adult,anger,https://uwmadison.co1.qualtrics.com/ControlPanel/Graphic.php?IM=IM_bJXdODAZHOaG0rI,Q2.1
0.0,0.0196078431372549,0.0,0.0,0.09803921568627451,0.7843137254901961,0.0392156862745098,0.0392156862745098,Q3.1,bipoc,female,child,anger,https://uwmadison.co1.qualtrics.com/ControlPanel/Graphic.php?IM=IM_37SAhyROGBWVpVs, Q3.1
0.0,0.0392156862745098,0.0,0.0,0.0,0.9215686274509803,0.0196078431372549,0.0,Q4.1,bipoc,male,adult,anger,https://uwmadison.co1.qualtrics.com/ControlPanel/Graphic.php?IM=IM_3QLhY3LefdXzwfI, Q4.1
0.0,0.0196078431372549,0.058823529411764705,0.3333333333333333,0.0392156862745098,0.1568627450980392,0.0784313725490196,0.17647058823529413,Q5.1,bipoc,male,child,anger,https://uwmadison.co1.qualtrics.com/ControlPanel/Graphic.php?IM=IM_egtCOrU9KOm233M, Q5.1
0.0,0.09803921568627451,0.0392156862745098,0.0,0.0196078431372549,0.6862745098039216,0.0196078431372549,0.0392156862745098,Q6.1,white,female,adult,anger,https://uwmadison.co1.qualtrics.com/ControlPanel/Graphic.php?IM=IM_1Amo6fqrutcZYZo, Q6.1
0.0,0.0196078431372549,0.0,0.29411764705882354,0.0392156862745098,0.6078431372549019,0.0392156862745098,0.0,Q7.1,white,female,child,anger,https://uwmadison.co1.qualtrics.com/ControlPanel/Graphic.php?IM=IM_1XqAx3FzoRDFZt4, Q7.1
0.0,0.2549019607843137,0.0196078431372549,0.0196078431372549,0.09803921568627451,0.3333333333333333,0.0196078431372549,0.13725490196078433,Q8.1,white,male,adult,anger,https://uwmadison.co1.qualtrics.com/ControlPanel/Graphic.php?IM=IM_7PC2cgcyr5yUiOy, Q8.1
0.21568627450980393,0.0392156862745098,0.0,0.0,0.0196078431372549,0.47058823529411764,0.0,0.09803921568627451,Q9.1,white,male,child,anger,https://uwmadison.co1.qualtrics.com/ControlPanel/Graphic.php?IM=IM_9Gfr3sYkHq3hHG6, Q9.1
0.0,0.0,0.058823529411764705,0.0392156862745098,0.47058823529411764,0.0,0.0,0.21568627450980393,Q10.1,bipoc,female,adult,disgust,https://uwmadison.co1.qualtrics.com/ControlPanel/Graphic.php?IM=IM_cvFjQlP07m9S7VY, Q10.1
0.0196078431372549,0.0196078431372549,0.0196078431372549,0.0196078431372549,0.39215686274509803,0.1568627450980392,0.0,0.17647058823529413,Q11.1,bipoc,female,child,disgust,https://uwmadison.co1.qualtrics.com/ControlPanel/Graphic.php?IM=IM_4Zxryb4o2ZDgHDo, Q11.1
0.0,0.0,0.0196078431372549,0.0196078431372549,0.6666666666666666,0.23529411764705882,0.0196078431372549,0.0392156862745098,Q12.1,bipoc,male,adult,disgust,https://uwmadison.co1.qualtrics.com/ControlPanel/Graphic.php?IM=IM_cIvdFisSzzSMNRI, Q12.1
0.0196078431372549,0.0196078431372549,0.27450980392156865,0.0,0.35294117647058826,0.17647058823529413,0.0,0.0784313725490196,Q13.1,bipoc,male,child,disgust,https://uwmadison.co1.qualtrics.com/ControlPanel/Graphic.php?IM=IM_envzka9NlloQh7g, Q13.1
0.0,0.0196078431372549,0.0,0.0392156862745098,0.803921568627451,0.058823529411764705,0.0196078431372549,0.0392156862745098,Q14.1,white,female,adult,disgust,https://uwmadison.co1.qualtrics.com/ControlPanel/Graphic.php?IM=IM_er3kGiV5nUJCkse, Q14.1
0.5098039215686274,0.0,0.058823529411764705,0.0,0.19607843137254902,0.0392156862745098,0.0,0.058823529411764705,Q15.1,white,female,child,disgust,https://uwmadison.co1.qualtrics.com/ControlPanel/Graphic.php?IM=IM_51ruTTJP1FaUeX4, Q15.1
0.0,0.0,0.0784313725490196,0.0196078431372549,0.8235294117647058,0.0392156862745098,0.0,0.0,Q16.1,white,male,adult,disgust,https://uwmadison.co1.qualtrics.com/ControlPanel/Graphic.php?IM=IM_4Iuz8TahQUf5rCu, Q16.1
0.09803921568627451,0.0196078431372549,0.0392156862745098,0.0196078431372549,0.45098039215686275,0.19607843137254902,0.0196078431372549,0.09803921568627451,Q17.1,white,male,child,disgust,https://uwmadison.co1.qualtrics.com/ControlPanel/Graphic.php?IM=IM_3dtGv9tzZmLa4Cy, Q17.1
0.0392156862745098,0.0196078431372549,0.0392156862745098,0.058823529411764705,0.1568627450980392,0.058823529411764705,0.5686274509803921,0.0196078431372549,Q18.1,bipoc,female,adult,fear,https://uwmadison.co1.qualtrics.com/ControlPanel/Graphic.php?IM=IM_6qVleJUYoACmf6C, Q18.1
0.0,0.0,0.43137254901960786,0.0196078431372549,0.0196078431372549,0.0,0.5098039215686274,0.0196078431372549,Q19.1,bipoc,female,child,fear,https://uwmadison.co1.qualtrics.com/ControlPanel/Graphic.php?IM=IM_4HJDfrqWWlJ7wRU, Q19.1
0.0,0.0,0.09803921568627451,0.0784313725490196,0.17647058823529413,0.0196078431372549,0.5686274509803921,0.0196078431372549,Q20.1,bipoc,male,adult,fear,https://uwmadison.co1.qualtrics.com/ControlPanel/Graphic.php?IM=IM_54KW05fRgzNmLfE, Q20.1
0.09803921568627451,0.0,0.39215686274509803,0.0196078431372549,0.0196078431372549,0.0,0.39215686274509803,0.0196078431372549,Q21.1,bipoc,male,child,fear,https://uwmadison.co1.qualtrics.com/ControlPanel/Graphic.php?IM=IM_aY2MoY6bfggUc9E, Q21.1
0.0392156862745098,0.0,0.7647058823529411,0.0196078431372549,0.0,0.0,0.1568627450980392,0.0,Q22.1,white,female,adult,fear,https://uwmadison.co1.qualtrics.com/ControlPanel/Graphic.php?IM=IM_1H2GqqCbhjjnp3g, Q22.1
0.0,0.0,0.0196078431372549,0.35294117647058826,0.0784313725490196,0.0392156862745098,0.47058823529411764,0.0196078431372549,Q23.1,white,female,child,fear,https://uwmadison.co1.qualtrics.com/ControlPanel/Graphic.php?IM=IM_cXRPI85VJ3YAOdo, Q23.1
0.0196078431372549,0.0392156862745098,0.27450980392156865,0.0,0.058823529411764705,0.0196078431372549,0.45098039215686275,0.09803921568627451,Q24.1,white,male,adult,fear,https://uwmadison.co1.qualtrics.com/ControlPanel/Graphic.php?IM=IM_1z4YnfSQVdhj1Rk, Q24.1
0.11764705882352941,0.0392156862745098,0.5098039215686274,0.0,0.0196078431372549,0.0392156862745098,0.058823529411764705,0.058823529411764705,Q25.1,white,male,child,fear,https://uwmadison.co1.qualtrics.com/ControlPanel/Graphic.php?IM=IM_24ukMlBx2IZMMuO, Q25.1
0.37254901960784315,0.43137254901960786,0.0196078431372549,0.0196078431372549,0.0196078431372549,0.0,0.0,0.058823529411764705,Q26.1,bipoc,female,adult,happiness,https://uwmadison.co1.qualtrics.com/ControlPanel/Graphic.php?IM=IM_5uIGlackw1zchRY, Q26.1
0.9411764705882353,0.0,0.0,0.0,0.0,0.0,0.0196078431372549,0.0,Q27.1,bipoc,female,child,happiness,https://uwmadison.co1.qualtrics.com/ControlPanel/Graphic.php?IM=IM_1LJr1XMUNEEqjEq, Q27.1
0.7058823529411765,0.1568627450980392,0.0392156862745098,0.0,0.0,0.0196078431372549,0.0,0.0392156862745098,Q28.1,bipoc,male,adult,happiness,https://uwmadison.co1.qualtrics.com/ControlPanel/Graphic.php?IM=IM_aVKZzBmzWSoXCXY, Q28.1
0.9607843137254902,0.0,0.0,0.0,0.0,0.0196078431372549,0.0,0.0,Q29.1,bipoc,male,child,happiness,https://uwmadison.co1.qualtrics.com/ControlPanel/Graphic.php?IM=IM_da53a1yGEedpOJg, Q29.1
0.8823529411764706,0.058823529411764705,0.0196078431372549,0.0,0.0,0.0,0.0196078431372549,0.0196078431372549,Q30.1,white,female,adult,happiness,https://uwmadison.co1.qualtrics.com/ControlPanel/Graphic.php?IM=IM_6hVt2pmEYV6YLwG, Q30.1
0.9019607843137255,0.0,0.0196078431372549,0.0,0.0,0.0,0.0,0.0196078431372549,Q31.1,white,female,child,happiness,https://uwmadison.co1.qualtrics.com/ControlPanel/Graphic.php?IM=IM_9shhhARAg1o8QcK, Q31.1
0.803921568627451,0.0196078431372549,0.11764705882352941,0.0,0.0,0.0,0.0,0.058823529411764705,Q32.1,white,male,adult,happiness,https://uwmadison.co1.qualtrics.com/ControlPanel/Graphic.php?IM=IM_3CWGONIxkNEfLbU, Q32.1
0.9607843137254902,0.0,0.0,0.0,0.0,0.0,0.0,0.0196078431372549,Q33.1,white,male,child,happiness,https://uwmadison.co1.qualtrics.com/ControlPanel/Graphic.php?IM=IM_0lBpULniZBM24Pc, Q33.1
0.0,0.6470588235294118,0.0,0.0196078431372549,0.0,0.0196078431372549,0.058823529411764705,0.19607843137254902,Q34.1,bipoc,female,adult,neutral,https://uwmadison.co1.qualtrics.com/ControlPanel/Graphic.php?IM=IM_80TvOXpOXat9RxI, Q34.1
0.23529411764705882,0.5882352941176471,0.0,0.0,0.0196078431372549,0.0,0.0392156862745098,0.058823529411764705,Q35.1,bipoc,female,child,neutral,https://uwmadison.co1.qualtrics.com/ControlPanel/Graphic.php?IM=IM_9H2fzde2Rkxr2VU, Q35.1
0.0,0.6274509803921569,0.0,0.11764705882352941,0.0784313725490196,0.0392156862745098,0.0,0.09803921568627451,Q36.1,bipoc,male,adult,neutral,https://uwmadison.co1.qualtrics.com/ControlPanel/Graphic.php?IM=IM_cMDFM510Dzc4NKu, Q36.1
0.0,0.6862745098039216,0.0,0.058823529411764705,0.0196078431372549,0.09803921568627451,0.0196078431372549,0.0392156862745098,Q37.1,bipoc,male,child,neutral,https://uwmadison.co1.qualtrics.com/ControlPanel/Graphic.php?IM=IM_aXk5I4i1e3iZEzk, Q37.1
0.0,0.6470588235294118,0.0,0.09803921568627451,0.11764705882352941,0.058823529411764705,0.0,0.0392156862745098,Q38.1,white,female,adult,neutral,https://uwmadison.co1.qualtrics.com/ControlPanel/Graphic.php?IM=IM_3lu3qPA43hGxJ4y, Q38.1
0.0392156862745098,0.7647058823529411,0.0,0.0196078431372549,0.0196078431372549,0.0,0.0392156862745098,0.0392156862745098,Q39.1,white,female,child,neutral,https://uwmadison.co1.qualtrics.com/ControlPanel/Graphic.php?IM=IM_0pPXIzq4Mrfh7ka, Q39.1
0.0196078431372549,0.6666666666666666,0.0,0.0196078431372549,0.058823529411764705,0.17647058823529413,0.0196078431372549,0.0196078431372549,Q40.1,white,male,adult,neutral,https://uwmadison.co1.qualtrics.com/ControlPanel/Graphic.php?IM=IM_blolyGQSOOsUfLE, Q40.1
0.0196078431372549,0.8431372549019608,0.0,0.0,0.0196078431372549,0.0,0.0,0.0392156862745098,Q41.1,white,male,child,neutral,https://uwmadison.co1.qualtrics.com/ControlPanel/Graphic.php?IM=IM_aVlK7szVW3JAA4K, Q41.1
0.0196078431372549,0.0,0.0196078431372549,0.7843137254901961,0.058823529411764705,0.0196078431372549,0.0196078431372549,0.0196078431372549,Q42.1,bipoc,female,adult,sadness,https://uwmadison.co1.qualtrics.com/ControlPanel/Graphic.php?IM=IM_6KEpMh9qlyvMRAa, Q42.1
0.0,0.0,0.0,0.9019607843137255,0.0,0.0196078431372549,0.058823529411764705,0.0196078431372549,Q43.1,bipoc,female,child,sadness,https://uwmadison.co1.qualtrics.com/ControlPanel/Graphic.php?IM=IM_etimLaMrS2pVAAS, Q43.1
0.0,0.058823529411764705,0.0392156862745098,0.7647058823529411,0.0196078431372549,0.0196078431372549,0.0784313725490196,0.0196078431372549,Q44.1,bipoc,male,adult,sadness,https://uwmadison.co1.qualtrics.com/ControlPanel/Graphic.php?IM=IM_dbf2dyj7KGtrN2e, Q44.1
0.0196078431372549,0.0,0.0,0.9607843137254902,0.0,0.0,0.0196078431372549,0.0,Q45.1,bipoc,male,child,sadness,https://uwmadison.co1.qualtrics.com/ControlPanel/Graphic.php?IM=IM_eVzPpFKIfopOW1w, Q45.1
0.0,0.0,0.0,0.9411764705882353,0.0,0.0196078431372549,0.0196078431372549,0.0196078431372549,Q46.1,white,female,adult,sadness,https://uwmadison.co1.qualtrics.com/ControlPanel/Graphic.php?IM=IM_9EKbisrli19qicS, Q46.1
0.0,0.0,0.0196078431372549,0.9411764705882353,0.0,0.0196078431372549,0.0,0.0196078431372549,Q47.1,white,female,child,sadness,https://uwmadison.co1.qualtrics.com/ControlPanel/Graphic.php?IM=IM_55Rjm0S1oR1ox1k, Q47.1
0.0,0.3137254901960784,0.0,0.27450980392156865,0.11764705882352941,0.0196078431372549,0.0392156862745098,0.17647058823529413,Q48.1,white,male,adult,sadness,https://uwmadison.co1.qualtrics.com/ControlPanel/Graphic.php?IM=IM_8j4LSlE16vL228e, Q48.1
0.0,0.0,0.0,0.8431372549019608,0.0,0.0,0.09803921568627451,0.0392156862745098,Q49.1,white,male,child,sadness,https://uwmadison.co1.qualtrics.com/ControlPanel/Graphic.php?IM=IM_1BzaOxAnlvpmh8i, Q49.1
0.27450980392156865,0.17647058823529413,0.37254901960784315,0.0196078431372549,0.0392156862745098,0.0,0.0196078431372549,0.058823529411764705,Q50.1,bipoc,female,adult,surprise,https://uwmadison.co1.qualtrics.com/ControlPanel/Graphic.php?IM=IM_8FZs4DGyzYKeKQ6, Q50.1
0.0784313725490196,0.0392156862745098,0.5294117647058824,0.0,0.0,0.0,0.0784313725490196,0.0196078431372549,Q51.1,bipoc,female,child,surprise,https://uwmadison.co1.qualtrics.com/ControlPanel/Graphic.php?IM=IM_06dsRWFrfc92PVI, Q51.1
0.0196078431372549,0.0,0.8627450980392157,0.0,0.0196078431372549,0.0196078431372549,0.0,0.0392156862745098,Q52.1,bipoc,male,adult,surprise,https://uwmadison.co1.qualtrics.com/ControlPanel/Graphic.php?IM=IM_0JI5joczfCXyM4K, Q52.1
0.6470588235294118,0.0,0.21568627450980393,0.0,0.0,0.0,0.0,0.0196078431372549,Q53.1,bipoc,male,child,surprise,https://uwmadison.co1.qualtrics.com/ControlPanel/Graphic.php?IM=IM_39MTmWdmGCliDga, Q53.1
0.0196078431372549,0.13725490196078433,0.49019607843137253,0.0,0.0784313725490196,0.0,0.0,0.058823529411764705,Q54.1,white,female,adult,surprise,https://uwmadison.co1.qualtrics.com/ControlPanel/Graphic.php?IM=IM_1X6032Sa3Q1kaKa, Q54.1
0.0,0.0392156862745098,0.8823529411764706,0.0196078431372549,0.0,0.0,0.0,0.0392156862745098,Q55.1,white,female,child,surprise,https://uwmadison.co1.qualtrics.com/ControlPanel/Graphic.php?IM=IM_ah0qjH5kqDuQUhE, Q55.1
0.0392156862745098,0.0,0.8627450980392157,0.0,0.0,0.0,0.0392156862745098,0.0392156862745098,Q56.1,white,male,adult,surprise,https://uwmadison.co1.qualtrics.com/ControlPanel/Graphic.php?IM=IM_9yvGSAqzpAmAcT4, Q56.1
0.058823529411764705,0.27450980392156865,0.5882352941176471,0.0,0.0,0.0,0.0196078431372549,0.0196078431372549,Q57.1,white,male,child,surprise,https://uwmadison.co1.qualtrics.com/ControlPanel/Graphic.php?IM=IM_dmTME6d2MAg1Tb8, Q57.1
0.47058823529411764,0.0784313725490196,0.0,0.0,0.0784313725490196,0.0196078431372549,0.0196078431372549,0.11764705882352941,Q58.1,bipoc,female,adult,uncertain,https://uwmadison.co1.qualtrics.com/ControlPanel/Graphic.php?IM=IM_6x0zlBArY56cHem, Q58.1
0.0196078431372549,0.47058823529411764,0.0,0.17647058823529413,0.0196078431372549,0.0,0.09803921568627451,0.1568627450980392,Q59.1,bipoc,female,child,uncertain,https://uwmadison.co1.qualtrics.com/ControlPanel/Graphic.php?IM=IM_9BqHT20xS13gotg, Q59.1
0.13725490196078433,0.11764705882352941,0.0,0.0,0.0196078431372549,0.0196078431372549,0.0196078431372549,0.09803921568627451,Q60.1,bipoc,male,adult,uncertain,https://uwmadison.co1.qualtrics.com/ControlPanel/Graphic.php?IM=IM_8feaAnE3DavOGFg, Q60.1
0.2549019607843137,0.29411764705882354,0.0,0.0196078431372549,0.0196078431372549,0.0,0.0,0.23529411764705882,Q61.1,bipoc,male,child,uncertain,https://uwmadison.co1.qualtrics.com/ControlPanel/Graphic.php?IM=IM_0v92GxoJl7KL9HM, Q61.1
0.0,0.0784313725490196,0.0392156862745098,0.0196078431372549,0.4117647058823529,0.17647058823529413,0.058823529411764705,0.058823529411764705,Q62.1,white,female,adult,uncertain,https://uwmadison.co1.qualtrics.com/ControlPanel/Graphic.php?IM=IM_88R1RMz4mseoRkW, Q62.1
0.0392156862745098,0.058823529411764705,0.0,0.37254901960784315,0.09803921568627451,0.19607843137254902,0.0,0.0784313725490196,Q63.1,white,female,child,uncertain,https://uwmadison.co1.qualtrics.com/ControlPanel/Graphic.php?IM=IM_8jkP8HhjPXmgNPE, Q63.1
0.0196078431372549,0.058823529411764705,0.17647058823529413,0.0196078431372549,0.058823529411764705,0.0196078431372549,0.0,0.19607843137254902,Q64.1,white,male,adult,uncertain,https://uwmadison.co1.qualtrics.com/ControlPanel/Graphic.php?IM=IM_81e4y8XbeDW4Ew6, Q64.1
0.0,0.0392156862745098,0.3333333333333333,0.058823529411764705,0.0,0.0196078431372549,0.058823529411764705,0.29411764705882354,Q65.1,white,male,child,uncertain,https://uwmadison.co1.qualtrics.com/ControlPanel/Graphic.php?IM=IM_6lfDwHho7YysGIS, Q65.1
0.0,0.0,0.0,0.0,0.0,0.0,0.0,0.0,Q66.1,,,,attention,https://uwmadison.co1.qualtrics.com/ControlPanel/Graphic.php?IM=IM_bHKuEbEutfv7zuu, Q66.1
0.0,0.0,0.0,0.09803921568627451,0.11764705882352941,0.7058823529411765,0.0,0.058823529411764705,Q67.1,bipoc,female,adult,anger,https://uwmadison.co1.qualtrics.com/ControlPanel/Graphic.php?IM=IM_6J5KVNyTENDNC4K, Q67.1
0.0,0.19607843137254902,0.0,0.19607843137254902,0.0784313725490196,0.3333333333333333,0.0784313725490196,0.058823529411764705,Q68.1,bipoc,female,child,anger,https://uwmadison.co1.qualtrics.com/ControlPanel/Graphic.php?IM=IM_ehdQVRQn8kI6rNI, Q68.1
0.0,0.3137254901960784,0.0196078431372549,0.0784313725490196,0.19607843137254902,0.29411764705882354,0.0,0.058823529411764705,Q69.1,bipoc,male,adult,anger,https://uwmadison.co1.qualtrics.com/ControlPanel/Graphic.php?IM=IM_4OulgTPxBAgu0Qu, Q69.1
0.0,0.0392156862745098,0.0196078431372549,0.0196078431372549,0.2549019607843137,0.6666666666666666,0.0,0.0,Q70.1,bipoc,male,child,anger,https://uwmadison.co1.qualtrics.com/ControlPanel/Graphic.php?IM=IM_82jdttMjk3552E6, Q70.1
0.0196078431372549,0.0,0.0,0.0,0.13725490196078433,0.7450980392156863,0.0196078431372549,0.058823529411764705,Q71.1,white,female,adult,anger,https://uwmadison.co1.qualtrics.com/ControlPanel/Graphic.php?IM=IM_b1KYrTe9d0HebfU, Q71.1
0.0196078431372549,0.0196078431372549,0.0196078431372549,0.0784313725490196,0.35294117647058826,0.23529411764705882,0.0196078431372549,0.13725490196078433,Q72.1,white,female,child,anger,https://uwmadison.co1.qualtrics.com/ControlPanel/Graphic.php?IM=IM_3QtW28KFGllSVBI, Q72.1
0.0,0.0,0.0392156862745098,0.0,0.0392156862745098,0.8627450980392157,0.0196078431372549,0.0392156862745098,Q73.1,white,male,adult,anger,https://uwmadison.co1.qualtrics.com/ControlPanel/Graphic.php?IM=IM_eb7s42ZIPiC9Z66, Q73.1
0.0,0.0,0.0,0.0,0.11764705882352941,0.7647058823529411,0.0,0.0392156862745098,Q74.1,white,male,child,anger,https://uwmadison.co1.qualtrics.com/ControlPanel/Graphic.php?IM=IM_dhTzFnZMWrTfBGK, Q74.1
0.0196078431372549,0.0,0.0784313725490196,0.0,0.7647058823529411,0.0392156862745098,0.0,0.058823529411764705,Q75.1,bipoc,female,adult,disgust,https://uwmadison.co1.qualtrics.com/ControlPanel/Graphic.php?IM=IM_0kOdQHclITzXgIC, Q75.1
0.0,0.0,0.0196078431372549,0.0392156862745098,0.6470588235294118,0.0,0.0196078431372549,0.11764705882352941,Q76.1,bipoc,female,child,disgust,https://uwmadison.co1.qualtrics.com/ControlPanel/Graphic.php?IM=IM_e9BJyTeFPLQ7ZUq, Q76.1
0.0196078431372549,0.0,0.0392156862745098,0.0196078431372549,0.6666666666666666,0.09803921568627451,0.0,0.0,Q77.1,bipoc,male,adult,disgust,https://uwmadison.co1.qualtrics.com/ControlPanel/Graphic.php?IM=IM_1Zx26VAbwv9uFFQ, Q77.1
0.0,0.0,0.0,0.0,0.5882352941176471,0.3137254901960784,0.0392156862745098,0.0392156862745098,Q78.1,bipoc,male,child,disgust,https://uwmadison.co1.qualtrics.com/ControlPanel/Graphic.php?IM=IM_bjzYq2UEKkXH7aC, Q78.1
0.0196078431372549,0.0196078431372549,0.0392156862745098,0.0784313725490196,0.5882352941176471,0.0,0.0,0.1568627450980392,Q79.1,white,female,adult,disgust,https://uwmadison.co1.qualtrics.com/ControlPanel/Graphic.php?IM=IM_5hkOSrFORUoHopM, Q79.1
0.1568627450980392,0.0,0.0,0.0196078431372549,0.49019607843137253,0.11764705882352941,0.0196078431372549,0.0784313725490196,Q80.1,white,female,child,disgust,https://uwmadison.co1.qualtrics.com/ControlPanel/Graphic.php?IM=IM_244QOC2to2Jetca, Q80.1
0.0392156862745098,0.0196078431372549,0.0,0.058823529411764705,0.8431372549019608,0.0,0.0,0.0392156862745098,Q81.1,white,male,adult,disgust,https://uwmadison.co1.qualtrics.com/ControlPanel/Graphic.php?IM=IM_7aEgC4sWsfM5I5E, Q81.1
0.0,0.0392156862745098,0.0,0.0196078431372549,0.5686274509803921,0.27450980392156865,0.0,0.0392156862745098,Q82.1,white,male,child,disgust,https://uwmadison.co1.qualtrics.com/ControlPanel/Graphic.php?IM=IM_7P182C9dn0ypgtE, Q82.1
0.0,0.0,0.058823529411764705,0.17647058823529413,0.0392156862745098,0.0,0.6666666666666666,0.0392156862745098,Q83.1,bipoc,female,adult,fear,https://uwmadison.co1.qualtrics.com/ControlPanel/Graphic.php?IM=IM_9tzXvOnfZ589gH4, Q83.1
0.0,0.0196078431372549,0.0,0.7647058823529411,0.058823529411764705,0.0196078431372549,0.13725490196078433,0.0,Q84.1,bipoc,female,child,fear,https://uwmadison.co1.qualtrics.com/ControlPanel/Graphic.php?IM=IM_0BVeUJelcjahWwC, Q84.1
0.0,0.0,0.5294117647058824,0.0196078431372549,0.09803921568627451,0.0,0.3333333333333333,0.0196078431372549,Q85.1,bipoc,male,adult,fear,https://uwmadison.co1.qualtrics.com/ControlPanel/Graphic.php?IM=IM_e3vAzbw1fMlXZyu, Q85.1
0.0196078431372549,0.0784313725490196,0.3137254901960784,0.0196078431372549,0.0392156862745098,0.0,0.19607843137254902,0.13725490196078433,Q86.1,bipoc,male,child,fear,https://uwmadison.co1.qualtrics.com/ControlPanel/Graphic.php?IM=IM_byJrSqTzp3ZhZ9Y, Q86.1
0.11764705882352941,0.0,0.43137254901960786,0.0196078431372549,0.0,0.13725490196078433,0.17647058823529413,0.09803921568627451,Q87.1,white,female,adult,fear,https://uwmadison.co1.qualtrics.com/ControlPanel/Graphic.php?IM=IM_5AWayt9Py1ZQmUe, Q87.1
0.0,0.0,0.8823529411764706,0.0196078431372549,0.0,0.0,0.0392156862745098,0.0196078431372549,Q88.1,white,female,child,fear,https://uwmadison.co1.qualtrics.com/ControlPanel/Graphic.php?IM=IM_40G6uAIeohgXMGi, Q88.1
0.0,0.0392156862745098,0.11764705882352941,0.13725490196078433,0.19607843137254902,0.0196078431372549,0.29411764705882354,0.1568627450980392,Q89.1,white,male,adult,fear,https://uwmadison.co1.qualtrics.com/ControlPanel/Graphic.php?IM=IM_9WR2cEWgwYWx7sa, Q89.1
0.0392156862745098,0.0784313725490196,0.11764705882352941,0.45098039215686275,0.0,0.0,0.2549019607843137,0.0196078431372549,Q90.1,white,male,child,fear,https://uwmadison.co1.qualtrics.com/ControlPanel/Graphic.php?IM=IM_0AKqpsdouereE5M, Q90.1
0.9411764705882353,0.0,0.0,0.058823529411764705,0.0,0.0,0.0,0.0,Q91.1,bipoc,female,adult,happiness,https://uwmadison.co1.qualtrics.com/ControlPanel/Graphic.php?IM=IM_0xPTvIpG1sPU3QO, Q91.1
0.8431372549019608,0.058823529411764705,0.0196078431372549,0.0,0.0196078431372549,0.0,0.0,0.0392156862745098,Q92.1,bipoc,female,child,happiness,https://uwmadison.co1.qualtrics.com/ControlPanel/Graphic.php?IM=IM_cGTIBhdTVZFLwdE, Q92.1
0.9215686274509803,0.0392156862745098,0.0,0.0,0.0196078431372549,0.0,0.0,0.0196078431372549,Q93.1,bipoc,male,adult,happiness,https://uwmadison.co1.qualtrics.com/ControlPanel/Graphic.php?IM=IM_bEDlxRqiOdpCl1Q, Q93.1
0.8823529411764706,0.058823529411764705,0.0,0.0,0.0196078431372549,0.0,0.0196078431372549,0.0196078431372549,Q94.1,bipoc,male,child,happiness,https://uwmadison.co1.qualtrics.com/ControlPanel/Graphic.php?IM=IM_0UkPGjTodmzqM9U, Q94.1
0.6470588235294118,0.17647058823529413,0.0,0.0,0.0196078431372549,0.0,0.0,0.09803921568627451,Q95.1,white,female,adult,happiness,https://uwmadison.co1.qualtrics.com/ControlPanel/Graphic.php?IM=IM_3sodPsRm6g6as06, Q95.1
0.8627450980392157,0.0196078431372549,0.0196078431372549,0.0196078431372549,0.0,0.0,0.0196078431372549,0.0392156862745098,Q96.1,white,female,child,happiness,https://uwmadison.co1.qualtrics.com/ControlPanel/Graphic.php?IM=IM_aWrmbq9vyHFZmTk, Q96.1
0.9607843137254902,0.0196078431372549,0.0,0.0,0.0,0.0,0.0,0.0196078431372549,Q97.1,white,male,adult,happiness,https://uwmadison.co1.qualtrics.com/ControlPanel/Graphic.php?IM=IM_ewCuSR8n6UYi2MK, Q97.1
0.9411764705882353,0.0,0.0,0.0392156862745098,0.0196078431372549,0.0,0.0,0.0,Q98.1,white,male,child,happiness,https://uwmadison.co1.qualtrics.com/ControlPanel/Graphic.php?IM=IM_2hrynYgwGLMuDUG, Q98.1
0.0,0.6666666666666666,0.0,0.0196078431372549,0.0,0.21568627450980393,0.0,0.058823529411764705,Q99.1,bipoc,female,adult,neutral,https://uwmadison.co1.qualtrics.com/ControlPanel/Graphic.php?IM=IM_39Riowawi2KEmV0, Q99.1
0.0196078431372549,0.7254901960784313,0.0392156862745098,0.0392156862745098,0.0,0.0,0.0,0.0784313725490196,Q100.1,bipoc,female,child,neutral,https://uwmadison.co1.qualtrics.com/ControlPanel/Graphic.php?IM=IM_5bFJqMaV53Zsy0K, Q100.1
0.0,0.6862745098039216,0.0196078431372549,0.11764705882352941,0.0,0.0392156862745098,0.0,0.0784313725490196,Q101.1,bipoc,male,adult,neutral,https://uwmadison.co1.qualtrics.com/ControlPanel/Graphic.php?IM=IM_3gSfRO9Zt2G8NP8, Q101.1
0.0,0.6862745098039216,0.0392156862745098,0.0196078431372549,0.0,0.0196078431372549,0.0196078431372549,0.13725490196078433,Q102.1,bipoc,male,child,neutral,https://uwmadison.co1.qualtrics.com/ControlPanel/Graphic.php?IM=IM_bw2zfW24xOcYU9o, Q102.1
0.0196078431372549,0.7647058823529411,0.0,0.0,0.0784313725490196,0.0,0.0,0.058823529411764705,Q103.1,white,female,adult,neutral,https://uwmadison.co1.qualtrics.com/ControlPanel/Graphic.php?IM=IM_bqKH78xvssoHVoG, Q103.1
0.0196078431372549,0.6078431372549019,0.0392156862745098,0.0196078431372549,0.0,0.0,0.0392156862745098,0.17647058823529413,Q104.1,white,female,child,neutral,https://uwmadison.co1.qualtrics.com/ControlPanel/Graphic.php?IM=IM_7WGuIqyEG3TilMi, Q104.1
0.0196078431372549,0.6862745098039216,0.0784313725490196,0.0,0.058823529411764705,0.0196078431372549,0.0,0.0392156862745098,Q105.1,white,male,adult,neutral,https://uwmadison.co1.qualtrics.com/ControlPanel/Graphic.php?IM=IM_9zQEAVQQyKfTlUG, Q105.1
0.0,0.7843137254901961,0.0,0.0392156862745098,0.0,0.0,0.0196078431372549,0.0784313725490196,Q106.1,white,male,child,neutral,https://uwmadison.co1.qualtrics.com/ControlPanel/Graphic.php?IM=IM_7PAyQLJg8l8nBSS, Q106.1
0.0,0.0392156862745098,0.0,0.7647058823529411,0.0196078431372549,0.0,0.0784313725490196,0.058823529411764705,Q107.1,bipoc,female,adult,sadness,https://uwmadison.co1.qualtrics.com/ControlPanel/Graphic.php?IM=IM_83amQw1mO0Wac06, Q107.1
0.0196078431372549,0.0,0.0,0.5882352941176471,0.0196078431372549,0.23529411764705882,0.13725490196078433,0.0,Q108.1,bipoc,female,child,sadness,https://uwmadison.co1.qualtrics.com/ControlPanel/Graphic.php?IM=IM_73Yp8FVd9OfjPP8, Q108.1
0.0,0.0,0.0196078431372549,0.9411764705882353,0.0196078431372549,0.0,0.0196078431372549,0.0,Q109.1,bipoc,male,adult,sadness,https://uwmadison.co1.qualtrics.com/ControlPanel/Graphic.php?IM=IM_dahScWh9wdBUhlY, Q109.1
0.0,0.0,0.0,0.6666666666666666,0.0196078431372549,0.17647058823529413,0.11764705882352941,0.0196078431372549,Q110.1,bipoc,male,child,sadness,https://uwmadison.co1.qualtrics.com/ControlPanel/Graphic.php?IM=IM_77jUBNTFvgA7yxU, Q110.1
0.0,0.13725490196078433,0.0,0.6470588235294118,0.0392156862745098,0.11764705882352941,0.0392156862745098,0.0196078431372549,Q111.1,white,female,adult,sadness,https://uwmadison.co1.qualtrics.com/ControlPanel/Graphic.php?IM=IM_7NHotnPd2lT9Foa, Q111.1
0.0,0.0,0.0196078431372549,0.9411764705882353,0.0,0.0,0.0196078431372549,0.0,Q112.1,white,female,child,sadness,https://uwmadison.co1.qualtrics.com/ControlPanel/Graphic.php?IM=IM_0pqIA60jUTgdaQe, Q112.1
0.0,0.43137254901960786,0.0196078431372549,0.5098039215686274,0.0,0.0,0.0196078431372549,0.0196078431372549,Q113.1,white,male,adult,sadness,https://uwmadison.co1.qualtrics.com/ControlPanel/Graphic.php?IM=IM_bNT78GDXgMqiTLU, Q113.1
0.0,0.0,0.0,0.9019607843137255,0.0196078431372549,0.0196078431372549,0.0196078431372549,0.0392156862745098,Q114.1,white,male,child,sadness,https://uwmadison.co1.qualtrics.com/ControlPanel/Graphic.php?IM=IM_5au9MLWYoSZyrj0, Q114.1
0.21568627450980393,0.0196078431372549,0.6470588235294118,0.0,0.0196078431372549,0.0196078431372549,0.0,0.058823529411764705,Q115.1,bipoc,female,adult,surprise,https://uwmadison.co1.qualtrics.com/ControlPanel/Graphic.php?IM=IM_bjThcsBImEknzmu, Q115.1
0.0,0.3333333333333333,0.29411764705882354,0.0392156862745098,0.0196078431372549,0.0196078431372549,0.0392156862745098,0.1568627450980392,Q116.1,bipoc,female,child,surprise,https://uwmadison.co1.qualtrics.com/ControlPanel/Graphic.php?IM=IM_71mMacKzqNZRVpc, Q116.1
0.0,0.09803921568627451,0.4117647058823529,0.0,0.0196078431372549,0.0196078431372549,0.2549019607843137,0.11764705882352941,Q117.1,bipoc,male,adult,surprise,https://uwmadison.co1.qualtrics.com/ControlPanel/Graphic.php?IM=IM_aaEwobdBBZ4nn02, Q117.1
0.19607843137254902,0.0196078431372549,0.35294117647058826,0.0,0.0196078431372549,0.0,0.39215686274509803,0.0,Q118.1,bipoc,male,child,surprise,https://uwmadison.co1.qualtrics.com/ControlPanel/Graphic.php?IM=IM_cwfzFfgNMrzdDeu, Q118.1
0.0196078431372549,0.0196078431372549,0.9215686274509803,0.0,0.0196078431372549,0.0,0.0,0.0196078431372549,Q119.1,white,female,adult,surprise,https://uwmadison.co1.qualtrics.com/ControlPanel/Graphic.php?IM=IM_2s03op8efMn39Eq, Q119.1
0.0196078431372549,0.2549019607843137,0.5294117647058824,0.0,0.0,0.0,0.0196078431372549,0.13725490196078433,Q120.1,white,female,child,surprise,https://uwmadison.co1.qualtrics.com/ControlPanel/Graphic.php?IM=IM_3VrkAIN5BOdlfWm, Q120.1
0.0196078431372549,0.0,0.6666666666666666,0.0196078431372549,0.0,0.0196078431372549,0.2549019607843137,0.0,Q121.1,white,male,adult,surprise,https://uwmadison.co1.qualtrics.com/ControlPanel/Graphic.php?IM=IM_2004WZkMOAt3rVk, Q121.1
0.0784313725490196,0.0,0.39215686274509803,0.0,0.0,0.27450980392156865,0.11764705882352941,0.0784313725490196,Q122.1,white,male,child,surprise,https://uwmadison.co1.qualtrics.com/ControlPanel/Graphic.php?IM=IM_0Tk0DUpmSjqZP9Q, Q122.1
0.0196078431372549,0.19607843137254902,0.09803921568627451,0.0,0.09803921568627451,0.0,0.0196078431372549,0.19607843137254902,Q123.1,bipoc,female,adult,uncertain,https://uwmadison.co1.qualtrics.com/ControlPanel/Graphic.php?IM=IM_74kgKNSWDU7crjM, Q123.1
0.1568627450980392,0.058823529411764705,0.0196078431372549,0.0,0.0392156862745098,0.0,0.0196078431372549,0.2549019607843137,Q124.1,bipoc,female,child,uncertain,https://uwmadison.co1.qualtrics.com/ControlPanel/Graphic.php?IM=IM_cJi6x6m1lHypqN8, Q124.1
0.5098039215686274,0.0,0.0,0.0196078431372549,0.0,0.11764705882352941,0.0,0.19607843137254902,Q125.1,bipoc,male,adult,uncertain,https://uwmadison.co1.qualtrics.com/ControlPanel/Graphic.php?IM=IM_afrF8KFiXbEcR2S, Q125.1
0.0196078431372549,0.29411764705882354,0.0,0.0784313725490196,0.19607843137254902,0.058823529411764705,0.0196078431372549,0.17647058823529413,Q126.1,bipoc,male,child,uncertain,https://uwmadison.co1.qualtrics.com/ControlPanel/Graphic.php?IM=IM_eaf2nwmlYn6uJKu, Q126.1
0.0196078431372549,0.0,0.8431372549019608,0.0,0.0196078431372549,0.0196078431372549,0.0196078431372549,0.0196078431372549,Q127.1,white,female,adult,uncertain,https://uwmadison.co1.qualtrics.com/ControlPanel/Graphic.php?IM=IM_4Z2olPR08fo1FQO, Q127.1
0.0196078431372549,0.29411764705882354,0.27450980392156865,0.0196078431372549,0.0196078431372549,0.0,0.058823529411764705,0.13725490196078433,Q128.1,white,female,child,uncertain,https://uwmadison.co1.qualtrics.com/ControlPanel/Graphic.php?IM=IM_8bHO7XfbqxRugTQ, Q128.1
0.0,0.09803921568627451,0.19607843137254902,0.0196078431372549,0.13725490196078433,0.0392156862745098,0.0,0.21568627450980393,Q129.1,white,male,adult,uncertain,https://uwmadison.co1.qualtrics.com/ControlPanel/Graphic.php?IM=IM_3wreUCj6TLHFC4K, Q129.1
0.7450980392156863,0.0392156862745098,0.0,0.0196078431372549,0.0196078431372549,0.0,0.0,0.0784313725490196,Q130.1,white,male,child,uncertain,https://uwmadison.co1.qualtrics.com/ControlPanel/Graphic.php?IM=IM_eMb3pnSJgKC0VFk, Q130.1
0.0,0.0,0.0,0.0,0.0,0.0,0.0,0.0,Q131.1,,,,attention,https://uwmadison.co1.qualtrics.com/ControlPanel/Graphic.php?IM=IM_e2rLzge28QpFG6y, Q131.1
0.0,0.0,0.09803921568627451,0.0196078431372549,0.0784313725490196,0.6470588235294118,0.058823529411764705,0.058823529411764705,Q132.1,bipoc,female,adult,anger,https://uwmadison.co1.qualtrics.com/ControlPanel/Graphic.php?IM=IM_9WTZdrQmZK2OL54, Q132.1
0.0,0.0,0.0196078431372549,0.0,0.13725490196078433,0.803921568627451,0.0392156862745098,0.0,Q133.1,bipoc,female,child,anger,https://uwmadison.co1.qualtrics.com/ControlPanel/Graphic.php?IM=IM_824LzNsLYNku2OO, Q133.1
0.0,0.0392156862745098,0.0,0.0,0.0784313725490196,0.8235294117647058,0.0,0.0196078431372549,Q134.1,bipoc,male,adult,anger,https://uwmadison.co1.qualtrics.com/ControlPanel/Graphic.php?IM=IM_bkMyZNBgUg8ZlNY, Q134.1
0.0196078431372549,0.0784313725490196,0.0196078431372549,0.0784313725490196,0.0392156862745098,0.7450980392156863,0.0,0.0,Q135.1,bipoc,male,child,anger,https://uwmadison.co1.qualtrics.com/ControlPanel/Graphic.php?IM=IM_3rsoVFgV6TcS9fg, Q135.1
0.0196078431372549,0.058823529411764705,0.0,0.0,0.0784313725490196,0.7254901960784313,0.0,0.058823529411764705,Q136.1,white,female,adult,anger,https://uwmadison.co1.qualtrics.com/ControlPanel/Graphic.php?IM=IM_cPfESJKHoFDaWUe, Q136.1
0.0196078431372549,0.0,0.0,0.0196078431372549,0.0,0.9215686274509803,0.0196078431372549,0.0196078431372549,Q137.1,white,female,child,anger,https://uwmadison.co1.qualtrics.com/ControlPanel/Graphic.php?IM=IM_bHfE8z5stIRm0zI, Q137.1
0.0,0.5882352941176471,0.0,0.0,0.0,0.3137254901960784,0.0,0.0784313725490196,Q138.1,white,male,adult,anger,https://uwmadison.co1.qualtrics.com/ControlPanel/Graphic.php?IM=IM_cCHIBQubXKS0CiO, Q138.1
0.0196078431372549,0.058823529411764705,0.0,0.0,0.09803921568627451,0.6078431372549019,0.0392156862745098,0.09803921568627451,Q139.1,white,male,child,anger,https://uwmadison.co1.qualtrics.com/ControlPanel/Graphic.php?IM=IM_5AcJkrT27k6XRmm, Q139.1
0.0196078431372549,0.0196078431372549,0.0196078431372549,0.0196078431372549,0.39215686274509803,0.4117647058823529,0.0392156862745098,0.058823529411764705,Q140.1,bipoc,female,adult,disgust,https://uwmadison.co1.qualtrics.com/ControlPanel/Graphic.php?IM=IM_bsHb1M3p1kgjsF0, Q140.1
0.21568627450980393,0.058823529411764705,0.0392156862745098,0.0,0.11764705882352941,0.1568627450980392,0.0,0.21568627450980393,Q141.1,bipoc,female,child,disgust,https://uwmadison.co1.qualtrics.com/ControlPanel/Graphic.php?IM=IM_0SwhYgwrLxTB3LM, Q141.1
0.0,0.0196078431372549,0.0,0.0,0.5294117647058824,0.29411764705882354,0.0,0.0784313725490196,Q142.1,bipoc,male,adult,disgust,https://uwmadison.co1.qualtrics.com/ControlPanel/Graphic.php?IM=IM_bemvKCbRtShtR0a, Q142.1
0.0196078431372549,0.0196078431372549,0.0196078431372549,0.0,0.7254901960784313,0.0196078431372549,0.0392156862745098,0.058823529411764705,Q143.1,bipoc,male,child,disgust,https://uwmadison.co1.qualtrics.com/ControlPanel/Graphic.php?IM=IM_7WCRz9fBbsgi9Qq, Q143.1
0.0,0.0196078431372549,0.09803921568627451,0.0392156862745098,0.5098039215686274,0.0,0.0,0.1568627450980392,Q144.1,white,female,adult,disgust,https://uwmadison.co1.qualtrics.com/ControlPanel/Graphic.php?IM=IM_eKdiMX7YPesWOlU, Q144.1
0.0784313725490196,0.0196078431372549,0.0196078431372549,0.0392156862745098,0.47058823529411764,0.2549019607843137,0.0196078431372549,0.0392156862745098,Q145.1,white,female,child,disgust,https://uwmadison.co1.qualtrics.com/ControlPanel/Graphic.php?IM=IM_0JVrdbvlyGSXcLI, Q145.1
0.0,0.0,0.17647058823529413,0.0,0.3333333333333333,0.0,0.45098039215686275,0.0196078431372549,Q146.1,white,male,adult,disgust,https://uwmadison.co1.qualtrics.com/ControlPanel/Graphic.php?IM=IM_1zU5YqWz2acbM8K, Q146.1
0.0196078431372549,0.0196078431372549,0.0,0.0,0.9215686274509803,0.0196078431372549,0.0196078431372549,0.0,Q147.1,white,male,child,disgust,https://uwmadison.co1.qualtrics.com/ControlPanel/Graphic.php?IM=IM_74HB0t6zgma9YNw, Q147.1
0.0,0.0196078431372549,0.13725490196078433,0.0196078431372549,0.37254901960784315,0.09803921568627451,0.35294117647058826,0.0,Q148.1,bipoc,female,adult,fear,https://uwmadison.co1.qualtrics.com/ControlPanel/Graphic.php?IM=IM_0MwMgspcIIF1ew6, Q148.1
0.0,0.0784313725490196,0.45098039215686275,0.0196078431372549,0.0392156862745098,0.0196078431372549,0.23529411764705882,0.13725490196078433,Q149.1,bipoc,female,child,fear,https://uwmadison.co1.qualtrics.com/ControlPanel/Graphic.php?IM=IM_bHrOB3j3PtW4R0i, Q149.1
0.0196078431372549,0.0392156862745098,0.0,0.47058823529411764,0.1568627450980392,0.0,0.1568627450980392,0.0784313725490196,Q150.1,bipoc,male,adult,fear,https://uwmadison.co1.qualtrics.com/ControlPanel/Graphic.php?IM=IM_8B72pKihkAZkIFU, Q150.1
0.0,0.0196078431372549,0.0,0.8823529411764706,0.0,0.0,0.09803921568627451,0.0,Q151.1,bipoc,male,child,fear,https://uwmadison.co1.qualtrics.com/ControlPanel/Graphic.php?IM=IM_9mlWGWUpvpQZa5M, Q151.1
0.0196078431372549,0.0196078431372549,0.23529411764705882,0.0392156862745098,0.0392156862745098,0.0,0.6274509803921569,0.0196078431372549,Q152.1,white,female,adult,fear,https://uwmadison.co1.qualtrics.com/ControlPanel/Graphic.php?IM=IM_e38mxw6nO1WY6Cq, Q152.1
0.0,0.09803921568627451,0.6274509803921569,0.0,0.0196078431372549,0.0,0.09803921568627451,0.0784313725490196,Q153.1,white,female,child,fear,https://uwmadison.co1.qualtrics.com/ControlPanel/Graphic.php?IM=IM_cBJFYlMueaaR03k, Q153.1
0.0,0.0196078431372549,0.6078431372549019,0.0,0.0196078431372549,0.0196078431372549,0.27450980392156865,0.0,Q154.1,white,male,adult,fear,https://uwmadison.co1.qualtrics.com/ControlPanel/Graphic.php?IM=IM_4Z1hhf1G3PvXBci, Q154.1
0.0196078431372549,0.0,0.45098039215686275,0.0196078431372549,0.0,0.0,0.47058823529411764,0.0196078431372549,Q155.1,white,male,child,fear,https://uwmadison.co1.qualtrics.com/ControlPanel/Graphic.php?IM=IM_9mNPsRAgBbHenPM, Q155.1
0.8627450980392157,0.0392156862745098,0.0392156862745098,0.0,0.0,0.0,0.0,0.0392156862745098,Q156.1,bipoc,female,adult,happiness,https://uwmadison.co1.qualtrics.com/ControlPanel/Graphic.php?IM=IM_0GtSGAki0COJYO2, Q156.1
0.5686274509803921,0.3333333333333333,0.0,0.0,0.0,0.0196078431372549,0.0196078431372549,0.0196078431372549,Q157.1,bipoc,female,child,happiness,https://uwmadison.co1.qualtrics.com/ControlPanel/Graphic.php?IM=IM_e2tmtlm0JLZje0S, Q157.1
0.7843137254901961,0.058823529411764705,0.0196078431372549,0.0,0.0392156862745098,0.0,0.0,0.0392156862745098,Q158.1,bipoc,male,adult,happiness,https://uwmadison.co1.qualtrics.com/ControlPanel/Graphic.php?IM=IM_agxa9UIrTk07jxQ, Q158.1
0.9803921568627451,0.0,0.0,0.0,0.0,0.0,0.0196078431372549,0.0,Q159.1,bipoc,male,child,happiness,https://uwmadison.co1.qualtrics.com/ControlPanel/Graphic.php?IM=IM_d060VdjZY82W38W, Q159.1
0.9215686274509803,0.0,0.0,0.0,0.0,0.0,0.0196078431372549,0.0392156862745098,Q160.1,white,female,adult,happiness,https://uwmadison.co1.qualtrics.com/ControlPanel/Graphic.php?IM=IM_57Gr1XAHK9uhWES, Q160.1
0.9019607843137255,0.0,0.0392156862745098,0.0,0.0196078431372549,0.0196078431372549,0.0,0.0196078431372549,Q161.1,white,female,child,happiness,https://uwmadison.co1.qualtrics.com/ControlPanel/Graphic.php?IM=IM_d5NMiWqa2jpUDLo, Q161.1
0.9607843137254902,0.0,0.0,0.0,0.0,0.0196078431372549,0.0196078431372549,0.0,Q162.1,white,male,adult,happiness,https://uwmadison.co1.qualtrics.com/ControlPanel/Graphic.php?IM=IM_3NR7AkPxBUkdOQe, Q162.1
0.9607843137254902,0.0196078431372549,0.0,0.0,0.0,0.0196078431372549,0.0,0.0,Q163.1,white,male,child,happiness,https://uwmadison.co1.qualtrics.com/ControlPanel/Graphic.php?IM=IM_eWnGys8SLE5J3Cu, Q163.1
0.0196078431372549,0.7450980392156863,0.0,0.0196078431372549,0.0392156862745098,0.0196078431372549,0.0,0.11764705882352941,Q164.1,bipoc,female,adult,neutral,https://uwmadison.co1.qualtrics.com/ControlPanel/Graphic.php?IM=IM_8Bsr2LNg85rxVgW, Q164.1
0.23529411764705882,0.5686274509803921,0.0,0.0,0.0,0.0,0.0392156862745098,0.11764705882352941,Q165.1,bipoc,female,child,neutral,https://uwmadison.co1.qualtrics.com/ControlPanel/Graphic.php?IM=IM_dmqopZwVD7uBVVY, Q165.1
0.0196078431372549,0.47058823529411764,0.0,0.1568627450980392,0.0196078431372549,0.11764705882352941,0.0,0.09803921568627451,Q166.1,bipoc,male,adult,neutral,https://uwmadison.co1.qualtrics.com/ControlPanel/Graphic.php?IM=IM_2ubTkbpnURV3shw, Q166.1
0.0,0.803921568627451,0.0196078431372549,0.0,0.0392156862745098,0.0,0.0196078431372549,0.0196078431372549,Q167.1,bipoc,male,child,neutral,https://uwmadison.co1.qualtrics.com/ControlPanel/Graphic.php?IM=IM_bJGSnsoGjBoS3VY, Q167.1
0.1568627450980392,0.6274509803921569,0.0196078431372549,0.0,0.0392156862745098,0.0196078431372549,0.0,0.0392156862745098,Q168.1,white,female,adult,neutral,https://uwmadison.co1.qualtrics.com/ControlPanel/Graphic.php?IM=IM_87jMTnzp24Gs0US, Q168.1
0.0392156862745098,0.7843137254901961,0.0,0.0,0.0196078431372549,0.0,0.0196078431372549,0.11764705882352941,Q169.1,white,female,child,neutral,https://uwmadison.co1.qualtrics.com/ControlPanel/Graphic.php?IM=IM_ePc7Ntc4cXqTP70, Q169.1
0.0196078431372549,0.7254901960784313,0.0,0.0392156862745098,0.0392156862745098,0.0,0.0,0.058823529411764705,Q170.1,white,male,adult,neutral,https://uwmadison.co1.qualtrics.com/ControlPanel/Graphic.php?IM=IM_1X1sCzklzGvx2tg, Q170.1
0.0,0.5686274509803921,0.11764705882352941,0.0,0.0196078431372549,0.058823529411764705,0.09803921568627451,0.058823529411764705,Q171.1,white,male,child,neutral,https://uwmadison.co1.qualtrics.com/ControlPanel/Graphic.php?IM=IM_6EA9nLCkNjdA69M, Q171.1
0.0,0.0196078431372549,0.0,0.23529411764705882,0.6078431372549019,0.0196078431372549,0.0392156862745098,0.0392156862745098,Q172.1,bipoc,female,adult,sadness,https://uwmadison.co1.qualtrics.com/ControlPanel/Graphic.php?IM=IM_6A6ANrMmpt0lXFQ, Q172.1
0.0196078431372549,0.11764705882352941,0.0196078431372549,0.37254901960784315,0.0,0.0392156862745098,0.21568627450980393,0.058823529411764705,Q173.1,bipoc,female,child,sadness,https://uwmadison.co1.qualtrics.com/ControlPanel/Graphic.php?IM=IM_6AkMWXDnyOPXs6a, Q173.1
0.0,0.0,0.0,0.9215686274509803,0.0392156862745098,0.0,0.0392156862745098,0.0,Q174.1,bipoc,male,adult,sadness,https://uwmadison.co1.qualtrics.com/ControlPanel/Graphic.php?IM=IM_0pvcXJMnnou5XxA, Q174.1
0.0,0.09803921568627451,0.0,0.7058823529411765,0.0,0.0,0.0392156862745098,0.09803921568627451,Q175.1,bipoc,male,child,sadness,https://uwmadison.co1.qualtrics.com/ControlPanel/Graphic.php?IM=IM_7365JYEsalfFK3c, Q175.1
0.0,0.058823529411764705,0.0,0.8431372549019608,0.0392156862745098,0.0392156862745098,0.0196078431372549,0.0,Q176.1,white,female,adult,sadness,https://uwmadison.co1.qualtrics.com/ControlPanel/Graphic.php?IM=IM_4ObHALgYpr6zhn8, Q176.1
0.0,0.3333333333333333,0.0196078431372549,0.23529411764705882,0.0196078431372549,0.2549019607843137,0.0196078431372549,0.0392156862745098,Q177.1,white,female,child,sadness,https://uwmadison.co1.qualtrics.com/ControlPanel/Graphic.php?IM=IM_4ZMiIx0eAUH9slo, Q177.1
0.0,0.29411764705882354,0.0784313725490196,0.11764705882352941,0.17647058823529413,0.0196078431372549,0.0196078431372549,0.11764705882352941,Q178.1,white,male,adult,sadness,https://uwmadison.co1.qualtrics.com/ControlPanel/Graphic.php?IM=IM_8AHT36OY3USaPe6, Q178.1
0.0,0.0,0.0,0.9019607843137255,0.0,0.09803921568627451,0.0,0.0,Q179.1,white,male,child,sadness,https://uwmadison.co1.qualtrics.com/ControlPanel/Graphic.php?IM=IM_cSZwt3HTocE50jk, Q179.1
0.058823529411764705,0.0196078431372549,0.8431372549019608,0.0,0.0,0.0196078431372549,0.0392156862745098,0.0,Q180.1,bipoc,female,adult,surprise,https://uwmadison.co1.qualtrics.com/ControlPanel/Graphic.php?IM=IM_aXfd0rmn8jfxoQ6, Q180.1
0.6078431372549019,0.0,0.37254901960784315,0.0196078431372549,0.0,0.0,0.0,0.0,Q181.1,bipoc,female,child,surprise,https://uwmadison.co1.qualtrics.com/ControlPanel/Graphic.php?IM=IM_9Gq0h87bY58MZSu, Q181.1
0.0784313725490196,0.058823529411764705,0.4117647058823529,0.0,0.0392156862745098,0.0196078431372549,0.2549019607843137,0.09803921568627451,Q182.1,bipoc,male,adult,surprise,https://uwmadison.co1.qualtrics.com/ControlPanel/Graphic.php?IM=IM_268vZXyUpVDK6MK, Q182.1
0.0,0.0196078431372549,0.7647058823529411,0.0,0.0,0.0,0.13725490196078433,0.0392156862745098,Q183.1,bipoc,male,child,surprise,https://uwmadison.co1.qualtrics.com/ControlPanel/Graphic.php?IM=IM_0V7AZ7Xi8jOjmXY, Q183.1
0.0392156862745098,0.058823529411764705,0.6470588235294118,0.0,0.0196078431372549,0.0,0.0392156862745098,0.058823529411764705,Q184.1,white,female,adult,surprise,https://uwmadison.co1.qualtrics.com/ControlPanel/Graphic.php?IM=IM_eeAoCMWS4pQvliK, Q184.1
0.21568627450980393,0.0,0.5686274509803921,0.0,0.0,0.0392156862745098,0.11764705882352941,0.0,Q185.1,white,female,child,surprise,https://uwmadison.co1.qualtrics.com/ControlPanel/Graphic.php?IM=IM_eG4lj9qMfU2nUFg, Q185.1
0.0196078431372549,0.0,0.9215686274509803,0.0,0.0,0.0,0.0196078431372549,0.0,Q186.1,white,male,adult,surprise,https://uwmadison.co1.qualtrics.com/ControlPanel/Graphic.php?IM=IM_eIZrStbqVC3oHTo, Q186.1
0.0,0.27450980392156865,0.3137254901960784,0.0,0.0196078431372549,0.0,0.17647058823529413,0.0784313725490196,Q187.1,white,male,child,surprise,https://uwmadison.co1.qualtrics.com/ControlPanel/Graphic.php?IM=IM_87ffNHa08KiAYbI, Q187.1
0.5882352941176471,0.058823529411764705,0.0196078431372549,0.0,0.0,0.0,0.0,0.13725490196078433,Q188.1,bipoc,female,adult,uncertain,https://uwmadison.co1.qualtrics.com/ControlPanel/Graphic.php?IM=IM_bHLXUfPyLDklutg, Q188.1
0.803921568627451,0.0,0.0,0.0196078431372549,0.0392156862745098,0.0,0.0392156862745098,0.058823529411764705,Q189.1,bipoc,female,child,uncertain,https://uwmadison.co1.qualtrics.com/ControlPanel/Graphic.php?IM=IM_0MzywJJUHEiadCe, Q189.1
0.0,0.058823529411764705,0.0784313725490196,0.0196078431372549,0.39215686274509803,0.0,0.0196078431372549,0.13725490196078433,Q190.1,bipoc,male,adult,uncertain,https://uwmadison.co1.qualtrics.com/ControlPanel/Graphic.php?IM=IM_bw6Y8TC4DgP7vAq, Q190.1
0.0196078431372549,0.0784313725490196,0.058823529411764705,0.0,0.13725490196078433,0.0196078431372549,0.0,0.2549019607843137,Q191.1,bipoc,male,child,uncertain,https://uwmadison.co1.qualtrics.com/ControlPanel/Graphic.php?IM=IM_5yvfzLfqBDAE8XY, Q191.1
0.0392156862745098,0.0196078431372549,0.3137254901960784,0.0,0.17647058823529413,0.09803921568627451,0.0,0.1568627450980392,Q192.1,white,female,adult,uncertain,https://uwmadison.co1.qualtrics.com/ControlPanel/Graphic.php?IM=IM_a64Cxa5gtL3OHKS, Q192.1
0.0392156862745098,0.0784313725490196,0.0392156862745098,0.0196078431372549,0.0392156862745098,0.35294117647058826,0.0,0.2549019607843137,Q193.1,white,female,child,uncertain,https://uwmadison.co1.qualtrics.com/ControlPanel/Graphic.php?IM=IM_beic5cGPkQFDmhU, Q193.1
0.0196078431372549,0.0,0.0196078431372549,0.0,0.2549019607843137,0.0,0.0,0.17647058823529413,Q194.1,white,male,adult,uncertain,https://uwmadison.co1.qualtrics.com/ControlPanel/Graphic.php?IM=IM_8oGUDKsFJy6Upeu, Q194.1
0.058823529411764705,0.4117647058823529,0.0196078431372549,0.0196078431372549,0.0196078431372549,0.0,0.0392156862745098,0.2549019607843137,Q195.1,white,male,child,uncertain,https://uwmadison.co1.qualtrics.com/ControlPanel/Graphic.php?IM=IM_9tcpk2rnvGGXq7A, Q195.1
